-- MySQL dump 10.17  Distrib 10.3.22-MariaDB, for debian-linux-gnu (x86_64)
--
-- Host: localhost    Database: tutorial_dev
-- ------------------------------------------------------
-- Server version	10.3.22-MariaDB-0+deb10u1

/*!40101 SET @OLD_CHARACTER_SET_CLIENT=@@CHARACTER_SET_CLIENT */;
/*!40101 SET @OLD_CHARACTER_SET_RESULTS=@@CHARACTER_SET_RESULTS */;
/*!40101 SET @OLD_COLLATION_CONNECTION=@@COLLATION_CONNECTION */;
/*!40101 SET NAMES utf8mb4 */;
/*!40103 SET @OLD_TIME_ZONE=@@TIME_ZONE */;
/*!40103 SET TIME_ZONE='+00:00' */;
/*!40014 SET @OLD_UNIQUE_CHECKS=@@UNIQUE_CHECKS, UNIQUE_CHECKS=0 */;
/*!40014 SET @OLD_FOREIGN_KEY_CHECKS=@@FOREIGN_KEY_CHECKS, FOREIGN_KEY_CHECKS=0 */;
/*!40101 SET @OLD_SQL_MODE=@@SQL_MODE, SQL_MODE='NO_AUTO_VALUE_ON_ZERO' */;
/*!40111 SET @OLD_SQL_NOTES=@@SQL_NOTES, SQL_NOTES=0 */;

--
-- Table structure for table `auth_group`
--

DROP TABLE IF EXISTS `auth_group`;
/*!40101 SET @saved_cs_client     = @@character_set_client */;
/*!40101 SET character_set_client = utf8 */;
CREATE TABLE `auth_group` (
  `id` int(11) NOT NULL AUTO_INCREMENT,
  `name` varchar(80) NOT NULL,
  PRIMARY KEY (`id`),
  UNIQUE KEY `name` (`name`)
) ENGINE=InnoDB DEFAULT CHARSET=utf8mb4;
/*!40101 SET character_set_client = @saved_cs_client */;

--
-- Dumping data for table `auth_group`
--

LOCK TABLES `auth_group` WRITE;
/*!40000 ALTER TABLE `auth_group` DISABLE KEYS */;
/*!40000 ALTER TABLE `auth_group` ENABLE KEYS */;
UNLOCK TABLES;

--
-- Table structure for table `auth_group_permissions`
--

DROP TABLE IF EXISTS `auth_group_permissions`;
/*!40101 SET @saved_cs_client     = @@character_set_client */;
/*!40101 SET character_set_client = utf8 */;
CREATE TABLE `auth_group_permissions` (
  `id` int(11) NOT NULL AUTO_INCREMENT,
  `group_id` int(11) NOT NULL,
  `permission_id` int(11) NOT NULL,
  PRIMARY KEY (`id`),
  UNIQUE KEY `auth_group_permissions_group_id_permission_id_0cd325b0_uniq` (`group_id`,`permission_id`),
  KEY `auth_group_permissio_permission_id_84c5c92e_fk_auth_perm` (`permission_id`),
  CONSTRAINT `auth_group_permissio_permission_id_84c5c92e_fk_auth_perm` FOREIGN KEY (`permission_id`) REFERENCES `auth_permission` (`id`),
  CONSTRAINT `auth_group_permissions_group_id_b120cbf9_fk_auth_group_id` FOREIGN KEY (`group_id`) REFERENCES `auth_group` (`id`)
) ENGINE=InnoDB DEFAULT CHARSET=utf8mb4;
/*!40101 SET character_set_client = @saved_cs_client */;

--
-- Dumping data for table `auth_group_permissions`
--

LOCK TABLES `auth_group_permissions` WRITE;
/*!40000 ALTER TABLE `auth_group_permissions` DISABLE KEYS */;
/*!40000 ALTER TABLE `auth_group_permissions` ENABLE KEYS */;
UNLOCK TABLES;

--
-- Table structure for table `auth_permission`
--

DROP TABLE IF EXISTS `auth_permission`;
/*!40101 SET @saved_cs_client     = @@character_set_client */;
/*!40101 SET character_set_client = utf8 */;
CREATE TABLE `auth_permission` (
  `id` int(11) NOT NULL AUTO_INCREMENT,
  `name` varchar(255) NOT NULL,
  `content_type_id` int(11) NOT NULL,
  `codename` varchar(100) NOT NULL,
  PRIMARY KEY (`id`),
  UNIQUE KEY `auth_permission_content_type_id_codename_01ab375a_uniq` (`content_type_id`,`codename`),
  CONSTRAINT `auth_permission_content_type_id_2f476e4b_fk_django_co` FOREIGN KEY (`content_type_id`) REFERENCES `django_content_type` (`id`)
) ENGINE=InnoDB AUTO_INCREMENT=34 DEFAULT CHARSET=utf8mb4;
/*!40101 SET character_set_client = @saved_cs_client */;

--
-- Dumping data for table `auth_permission`
--

LOCK TABLES `auth_permission` WRITE;
/*!40000 ALTER TABLE `auth_permission` DISABLE KEYS */;
INSERT INTO `auth_permission` VALUES (1,'Can add log entry',1,'add_logentry'),(2,'Can change log entry',1,'change_logentry'),(3,'Can delete log entry',1,'delete_logentry'),(4,'Can add permission',2,'add_permission'),(5,'Can change permission',2,'change_permission'),(6,'Can delete permission',2,'delete_permission'),(7,'Can add group',3,'add_group'),(8,'Can change group',3,'change_group'),(9,'Can delete group',3,'delete_group'),(10,'Can add user',4,'add_user'),(11,'Can change user',4,'change_user'),(12,'Can delete user',4,'delete_user'),(13,'Can add content type',5,'add_contenttype'),(14,'Can change content type',5,'change_contenttype'),(15,'Can delete content type',5,'delete_contenttype'),(16,'Can add session',6,'add_session'),(17,'Can change session',6,'change_session'),(18,'Can delete session',6,'delete_session'),(19,'Can add category',7,'add_category'),(20,'Can change category',7,'change_category'),(21,'Can delete category',7,'delete_category'),(22,'Can add post',8,'add_post'),(23,'Can change post',8,'change_post'),(24,'Can delete post',8,'delete_post'),(25,'Can add tutorial',9,'add_tutorial'),(26,'Can change tutorial',9,'change_tutorial'),(27,'Can delete tutorial',9,'delete_tutorial'),(28,'Can add user',10,'add_user'),(29,'Can change user',10,'change_user'),(30,'Can delete user',10,'delete_user'),(31,'Can add visite',11,'add_visite'),(32,'Can change visite',11,'change_visite'),(33,'Can delete visite',11,'delete_visite');
/*!40000 ALTER TABLE `auth_permission` ENABLE KEYS */;
UNLOCK TABLES;

--
-- Table structure for table `auth_user`
--

DROP TABLE IF EXISTS `auth_user`;
/*!40101 SET @saved_cs_client     = @@character_set_client */;
/*!40101 SET character_set_client = utf8 */;
CREATE TABLE `auth_user` (
  `id` int(11) NOT NULL AUTO_INCREMENT,
  `password` varchar(128) NOT NULL,
  `last_login` datetime(6) DEFAULT NULL,
  `is_superuser` tinyint(1) NOT NULL,
  `username` varchar(150) NOT NULL,
  `first_name` varchar(30) NOT NULL,
  `last_name` varchar(150) NOT NULL,
  `email` varchar(254) NOT NULL,
  `is_staff` tinyint(1) NOT NULL,
  `is_active` tinyint(1) NOT NULL,
  `date_joined` datetime(6) NOT NULL,
  PRIMARY KEY (`id`),
  UNIQUE KEY `username` (`username`)
) ENGINE=InnoDB AUTO_INCREMENT=2 DEFAULT CHARSET=utf8mb4;
/*!40101 SET character_set_client = @saved_cs_client */;

--
-- Dumping data for table `auth_user`
--

LOCK TABLES `auth_user` WRITE;
/*!40000 ALTER TABLE `auth_user` DISABLE KEYS */;
INSERT INTO `auth_user` VALUES (1,'pbkdf2_sha256$100000$eh5BNGVZ4fV1$vHJGjHrWHFkP3Z6YaDwsJ3bNeBKPyOG8Remk1ttFYOg=','2020-06-24 16:54:14.794821',1,'mario','','','spaceissimo@gmail.com',1,1,'2020-06-18 16:29:55.416599');
/*!40000 ALTER TABLE `auth_user` ENABLE KEYS */;
UNLOCK TABLES;

--
-- Table structure for table `auth_user_groups`
--

DROP TABLE IF EXISTS `auth_user_groups`;
/*!40101 SET @saved_cs_client     = @@character_set_client */;
/*!40101 SET character_set_client = utf8 */;
CREATE TABLE `auth_user_groups` (
  `id` int(11) NOT NULL AUTO_INCREMENT,
  `user_id` int(11) NOT NULL,
  `group_id` int(11) NOT NULL,
  PRIMARY KEY (`id`),
  UNIQUE KEY `auth_user_groups_user_id_group_id_94350c0c_uniq` (`user_id`,`group_id`),
  KEY `auth_user_groups_group_id_97559544_fk_auth_group_id` (`group_id`),
  CONSTRAINT `auth_user_groups_group_id_97559544_fk_auth_group_id` FOREIGN KEY (`group_id`) REFERENCES `auth_group` (`id`),
  CONSTRAINT `auth_user_groups_user_id_6a12ed8b_fk_auth_user_id` FOREIGN KEY (`user_id`) REFERENCES `auth_user` (`id`)
) ENGINE=InnoDB DEFAULT CHARSET=utf8mb4;
/*!40101 SET character_set_client = @saved_cs_client */;

--
-- Dumping data for table `auth_user_groups`
--

LOCK TABLES `auth_user_groups` WRITE;
/*!40000 ALTER TABLE `auth_user_groups` DISABLE KEYS */;
/*!40000 ALTER TABLE `auth_user_groups` ENABLE KEYS */;
UNLOCK TABLES;

--
-- Table structure for table `auth_user_user_permissions`
--

DROP TABLE IF EXISTS `auth_user_user_permissions`;
/*!40101 SET @saved_cs_client     = @@character_set_client */;
/*!40101 SET character_set_client = utf8 */;
CREATE TABLE `auth_user_user_permissions` (
  `id` int(11) NOT NULL AUTO_INCREMENT,
  `user_id` int(11) NOT NULL,
  `permission_id` int(11) NOT NULL,
  PRIMARY KEY (`id`),
  UNIQUE KEY `auth_user_user_permissions_user_id_permission_id_14a6b632_uniq` (`user_id`,`permission_id`),
  KEY `auth_user_user_permi_permission_id_1fbb5f2c_fk_auth_perm` (`permission_id`),
  CONSTRAINT `auth_user_user_permi_permission_id_1fbb5f2c_fk_auth_perm` FOREIGN KEY (`permission_id`) REFERENCES `auth_permission` (`id`),
  CONSTRAINT `auth_user_user_permissions_user_id_a95ead1b_fk_auth_user_id` FOREIGN KEY (`user_id`) REFERENCES `auth_user` (`id`)
) ENGINE=InnoDB DEFAULT CHARSET=utf8mb4;
/*!40101 SET character_set_client = @saved_cs_client */;

--
-- Dumping data for table `auth_user_user_permissions`
--

LOCK TABLES `auth_user_user_permissions` WRITE;
/*!40000 ALTER TABLE `auth_user_user_permissions` DISABLE KEYS */;
/*!40000 ALTER TABLE `auth_user_user_permissions` ENABLE KEYS */;
UNLOCK TABLES;

--
-- Table structure for table `django_admin_log`
--

DROP TABLE IF EXISTS `django_admin_log`;
/*!40101 SET @saved_cs_client     = @@character_set_client */;
/*!40101 SET character_set_client = utf8 */;
CREATE TABLE `django_admin_log` (
  `id` int(11) NOT NULL AUTO_INCREMENT,
  `action_time` datetime(6) NOT NULL,
  `object_id` longtext DEFAULT NULL,
  `object_repr` varchar(200) NOT NULL,
  `action_flag` smallint(5) unsigned NOT NULL,
  `change_message` longtext NOT NULL,
  `content_type_id` int(11) DEFAULT NULL,
  `user_id` int(11) NOT NULL,
  PRIMARY KEY (`id`),
  KEY `django_admin_log_content_type_id_c4bce8eb_fk_django_co` (`content_type_id`),
  KEY `django_admin_log_user_id_c564eba6_fk` (`user_id`),
  CONSTRAINT `django_admin_log_content_type_id_c4bce8eb_fk_django_co` FOREIGN KEY (`content_type_id`) REFERENCES `django_content_type` (`id`),
  CONSTRAINT `django_admin_log_user_id_c564eba6_fk` FOREIGN KEY (`user_id`) REFERENCES `auth_user` (`id`)
) ENGINE=InnoDB AUTO_INCREMENT=47 DEFAULT CHARSET=utf8mb4;
/*!40101 SET character_set_client = @saved_cs_client */;

--
-- Dumping data for table `django_admin_log`
--

LOCK TABLES `django_admin_log` WRITE;
/*!40000 ALTER TABLE `django_admin_log` DISABLE KEYS */;
INSERT INTO `django_admin_log` VALUES (1,'2020-06-18 16:31:18.920898','1','Linux',1,'[{\"added\": {}}]',7,1),(2,'2020-06-18 16:31:22.377830','1','Mario Spanò',1,'[{\"added\": {}}]',10,1),(3,'2020-06-18 16:32:08.563280','2','Linux',1,'[{\"added\": {}}]',7,1),(4,'2020-06-18 16:32:11.964960','1','Linux - Compilare Il Kernel',1,'[{\"added\": {}}]',9,1),(5,'2020-06-18 16:34:08.746273','3','Web',1,'[{\"added\": {}}]',7,1),(6,'2020-06-18 16:34:11.479188','2','Html - Menù Animato A Comparsa',1,'[{\"added\": {}}]',9,1),(7,'2020-06-18 20:39:25.763445','1','Linux',3,'',7,1),(8,'2020-06-18 20:51:23.959506','3','Linux - Convertire Testi Con Calibre',1,'[{\"added\": {}}]',9,1),(9,'2020-06-20 20:41:25.046935','4','Linux -  Apache Directory',1,'[{\"added\": {}}]',9,1),(10,'2020-06-20 20:56:09.330309','4','Django',1,'[{\"added\": {}}]',7,1),(11,'2020-06-20 20:56:15.684156','5','Django - urls.py',1,'[{\"added\": {}}]',9,1),(12,'2020-06-20 21:03:57.266738','4','Linux -  Apache Directory',2,'[]',9,1),(13,'2020-06-20 21:23:58.230530','4','Linux -  Apache Nascondere Le Cartelle',2,'[{\"changed\": {\"fields\": [\"title\"]}}]',9,1),(14,'2020-06-20 21:29:19.168883','4','L',2,'[{\"changed\": {\"fields\": [\"title\"]}}]',9,1),(15,'2020-06-20 21:31:53.270938','4','Linux -  Apache',2,'[{\"changed\": {\"fields\": [\"title\"]}}]',9,1),(16,'2020-06-20 21:33:39.957689','4','Linux -  Apache Nascondere Le Cartelle',2,'[{\"changed\": {\"fields\": [\"title\"]}}]',9,1),(17,'2020-06-20 21:41:22.752106','2','Linux',2,'[]',7,1),(18,'2020-06-20 21:41:32.976007','4','Linux -  Apache Nascondere Le Cartelle',2,'[]',9,1),(19,'2020-06-21 15:21:17.371131','5','Django - urls.py',2,'[{\"changed\": {\"fields\": [\"slug\"]}}]',9,1),(20,'2020-06-21 15:21:31.714114','4','Linux -  Apache Nascondere Le Cartelle',2,'[{\"changed\": {\"fields\": [\"slug\"]}}]',9,1),(21,'2020-06-21 15:21:56.854443','3','Linux - Convertire Testi Con Calibre',2,'[{\"changed\": {\"fields\": [\"slug\"]}}]',9,1),(22,'2020-06-21 15:22:15.159067','2','Html - Menù Animato A Comparsa',2,'[{\"changed\": {\"fields\": [\"slug\"]}}]',9,1),(23,'2020-06-21 15:22:31.024213','1','Linux - Compilare Il Kernel',2,'[{\"changed\": {\"fields\": [\"slug\"]}}]',9,1),(24,'2020-06-21 18:55:10.651676','4','Linux - Apache Nascondere Le Cartelle',2,'[{\"changed\": {\"fields\": [\"title\"]}}]',9,1),(25,'2020-06-22 10:45:59.908058','3','Linux - Convertire Testi Con Calibre',2,'[{\"changed\": {\"fields\": [\"status\"]}}]',9,1),(26,'2020-06-22 10:48:56.100171','2','Html - Menù Animato A Comparsa',2,'[{\"changed\": {\"fields\": [\"status\"]}}]',9,1),(27,'2020-06-22 10:49:03.135856','4','Linux - Apache Nascondere Le Cartelle',2,'[{\"changed\": {\"fields\": [\"status\"]}}]',9,1),(28,'2020-06-22 10:49:09.638161','5','Django - urls.py',2,'[{\"changed\": {\"fields\": [\"status\"]}}]',9,1),(29,'2020-06-22 11:03:01.549489','6','provola',1,'[{\"added\": {}}]',9,1),(30,'2020-06-22 11:10:57.212913','7','provola',1,'[{\"added\": {}}]',9,1),(31,'2020-06-22 11:45:34.481423','7','provola',3,'',9,1),(32,'2020-06-22 11:45:34.488683','6','provola',3,'',9,1),(33,'2020-06-22 19:32:45.936017','8','primo',1,'[{\"added\": {}}]',9,1),(34,'2020-06-22 20:18:22.036905','9','due',1,'[{\"added\": {}}]',9,1),(35,'2020-06-22 20:19:58.697873','10','qweqnel',1,'[{\"added\": {}}]',9,1),(36,'2020-06-22 20:21:48.494841','10','qweqnel',3,'',9,1),(37,'2020-06-22 20:21:48.502085','9','due',3,'',9,1),(38,'2020-06-22 20:21:48.504151','8','primo',3,'',9,1),(39,'2020-06-22 20:28:06.609412','11','sdfdsf',1,'[{\"added\": {}}]',9,1),(40,'2020-06-22 20:29:29.385928','5','Django - urls.py',2,'[{\"changed\": {\"fields\": [\"status\"]}}]',9,1),(41,'2020-06-22 20:35:56.349628','11','sdfdsf',3,'',9,1),(42,'2020-06-22 20:49:15.359013','12','Linux - User Logout',1,'[{\"added\": {}}]',9,1),(43,'2020-06-22 20:49:26.541493','1','Linux - Compilare Il Kernel',2,'[{\"changed\": {\"fields\": [\"status\"]}}]',9,1),(44,'2020-06-24 08:36:51.436938','5','Django - urls.py',2,'[{\"changed\": {\"fields\": [\"status\"]}}]',9,1),(45,'2020-06-24 09:16:36.884700','2','Html - Menù Animato A Comparsa',2,'[]',9,1),(46,'2020-06-24 17:05:07.599668','5','Django - urls.py',2,'[]',9,1);
/*!40000 ALTER TABLE `django_admin_log` ENABLE KEYS */;
UNLOCK TABLES;

--
-- Table structure for table `django_content_type`
--

DROP TABLE IF EXISTS `django_content_type`;
/*!40101 SET @saved_cs_client     = @@character_set_client */;
/*!40101 SET character_set_client = utf8 */;
CREATE TABLE `django_content_type` (
  `id` int(11) NOT NULL AUTO_INCREMENT,
  `app_label` varchar(100) NOT NULL,
  `model` varchar(100) NOT NULL,
  PRIMARY KEY (`id`),
  UNIQUE KEY `django_content_type_app_label_model_76bd3d3b_uniq` (`app_label`,`model`)
) ENGINE=InnoDB AUTO_INCREMENT=12 DEFAULT CHARSET=utf8mb4;
/*!40101 SET character_set_client = @saved_cs_client */;

--
-- Dumping data for table `django_content_type`
--

LOCK TABLES `django_content_type` WRITE;
/*!40000 ALTER TABLE `django_content_type` DISABLE KEYS */;
INSERT INTO `django_content_type` VALUES (1,'admin','logentry'),(3,'auth','group'),(2,'auth','permission'),(4,'auth','user'),(5,'contenttypes','contenttype'),(7,'homepage','category'),(8,'homepage','post'),(9,'homepage','tutorial'),(10,'homepage','user'),(11,'homepage','visite'),(6,'sessions','session');
/*!40000 ALTER TABLE `django_content_type` ENABLE KEYS */;
UNLOCK TABLES;

--
-- Table structure for table `django_migrations`
--

DROP TABLE IF EXISTS `django_migrations`;
/*!40101 SET @saved_cs_client     = @@character_set_client */;
/*!40101 SET character_set_client = utf8 */;
CREATE TABLE `django_migrations` (
  `id` int(11) NOT NULL AUTO_INCREMENT,
  `app` varchar(255) NOT NULL,
  `name` varchar(255) NOT NULL,
  `applied` datetime(6) NOT NULL,
  PRIMARY KEY (`id`)
) ENGINE=InnoDB AUTO_INCREMENT=23 DEFAULT CHARSET=utf8mb4;
/*!40101 SET character_set_client = @saved_cs_client */;

--
-- Dumping data for table `django_migrations`
--

LOCK TABLES `django_migrations` WRITE;
/*!40000 ALTER TABLE `django_migrations` DISABLE KEYS */;
INSERT INTO `django_migrations` VALUES (1,'contenttypes','0001_initial','2020-06-18 14:20:05.679531'),(2,'auth','0001_initial','2020-06-18 14:20:05.976019'),(3,'admin','0001_initial','2020-06-18 14:20:06.055975'),(4,'admin','0002_logentry_remove_auto_add','2020-06-18 14:20:06.072408'),(5,'contenttypes','0002_remove_content_type_name','2020-06-18 14:20:06.148031'),(6,'auth','0002_alter_permission_name_max_length','2020-06-18 14:20:06.180058'),(7,'auth','0003_alter_user_email_max_length','2020-06-18 14:20:06.196284'),(8,'auth','0004_alter_user_username_opts','2020-06-18 14:20:06.205650'),(9,'auth','0005_alter_user_last_login_null','2020-06-18 14:20:06.233140'),(10,'auth','0006_require_contenttypes_0002','2020-06-18 14:20:06.236030'),(11,'auth','0007_alter_validators_add_error_messages','2020-06-18 14:20:06.248474'),(12,'auth','0008_alter_user_username_max_length','2020-06-18 14:20:06.356011'),(13,'auth','0009_alter_user_last_name_max_length','2020-06-18 14:20:06.434843'),(14,'homepage','0001_initial','2020-06-18 14:20:07.163280'),(15,'sessions','0001_initial','2020-06-18 14:20:07.187708'),(16,'homepage','0002_auto_20200621_1850','2020-06-21 16:50:12.368491'),(17,'homepage','0003_auto_20200622_1138','2020-06-22 09:38:59.529954'),(18,'homepage','0004_auto_20200622_1148','2020-06-22 09:48:19.185044'),(19,'homepage','0005_auto_20200622_1154','2020-06-22 09:54:21.508863'),(20,'homepage','0006_auto_20200622_1218','2020-06-22 10:18:49.521368'),(21,'homepage','0007_auto_20200622_1308','2020-06-22 11:08:26.850758'),(22,'homepage','0008_auto_20200625_1219','2020-06-25 16:37:51.258873');
/*!40000 ALTER TABLE `django_migrations` ENABLE KEYS */;
UNLOCK TABLES;

--
-- Table structure for table `django_session`
--

DROP TABLE IF EXISTS `django_session`;
/*!40101 SET @saved_cs_client     = @@character_set_client */;
/*!40101 SET character_set_client = utf8 */;
CREATE TABLE `django_session` (
  `session_key` varchar(40) NOT NULL,
  `session_data` longtext NOT NULL,
  `expire_date` datetime(6) NOT NULL,
  PRIMARY KEY (`session_key`),
  KEY `django_session_expire_date_a5c62663` (`expire_date`)
) ENGINE=InnoDB DEFAULT CHARSET=utf8mb4;
/*!40101 SET character_set_client = @saved_cs_client */;

--
-- Dumping data for table `django_session`
--

LOCK TABLES `django_session` WRITE;
/*!40000 ALTER TABLE `django_session` DISABLE KEYS */;
INSERT INTO `django_session` VALUES ('1gs1mfmdxa9pcvig58oxeducv7t6s8n1','ZTVkNWUxZDI5NzE4NmM5MzE0M2E0NWUxZWNhNzIzZTFmYzI5M2ZmYzp7Il9hdXRoX3VzZXJfaWQiOiIxIiwiX2F1dGhfdXNlcl9iYWNrZW5kIjoiZGphbmdvLmNvbnRyaWIuYXV0aC5iYWNrZW5kcy5Nb2RlbEJhY2tlbmQiLCJfYXV0aF91c2VyX2hhc2giOiI0NjYyYThjOTUzM2Y3MDMxOTMwOGFiYjZlYmQ5YjFjMTU5ZjQ4YzlkIn0=','2020-07-05 18:54:58.004201'),('22kryxs6kwckcvi98nsk3qaqovc9vk2c','ZTVkNWUxZDI5NzE4NmM5MzE0M2E0NWUxZWNhNzIzZTFmYzI5M2ZmYzp7Il9hdXRoX3VzZXJfaWQiOiIxIiwiX2F1dGhfdXNlcl9iYWNrZW5kIjoiZGphbmdvLmNvbnRyaWIuYXV0aC5iYWNrZW5kcy5Nb2RlbEJhY2tlbmQiLCJfYXV0aF91c2VyX2hhc2giOiI0NjYyYThjOTUzM2Y3MDMxOTMwOGFiYjZlYmQ5YjFjMTU5ZjQ4YzlkIn0=','2020-07-08 08:35:09.814568'),('2u3ai4zrzgby0omlt7wy19b2ijcwh16w','ZTVkNWUxZDI5NzE4NmM5MzE0M2E0NWUxZWNhNzIzZTFmYzI5M2ZmYzp7Il9hdXRoX3VzZXJfaWQiOiIxIiwiX2F1dGhfdXNlcl9iYWNrZW5kIjoiZGphbmdvLmNvbnRyaWIuYXV0aC5iYWNrZW5kcy5Nb2RlbEJhY2tlbmQiLCJfYXV0aF91c2VyX2hhc2giOiI0NjYyYThjOTUzM2Y3MDMxOTMwOGFiYjZlYmQ5YjFjMTU5ZjQ4YzlkIn0=','2020-07-04 20:39:30.705654'),('2xzwviksbhzgxglvu8e3lo4fizo3834o','ZTVkNWUxZDI5NzE4NmM5MzE0M2E0NWUxZWNhNzIzZTFmYzI5M2ZmYzp7Il9hdXRoX3VzZXJfaWQiOiIxIiwiX2F1dGhfdXNlcl9iYWNrZW5kIjoiZGphbmdvLmNvbnRyaWIuYXV0aC5iYWNrZW5kcy5Nb2RlbEJhY2tlbmQiLCJfYXV0aF91c2VyX2hhc2giOiI0NjYyYThjOTUzM2Y3MDMxOTMwOGFiYjZlYmQ5YjFjMTU5ZjQ4YzlkIn0=','2020-07-08 09:06:24.553445'),('7mi4mj9m9cdpsebxnw9yftr2oqw6f1bu','ZTVkNWUxZDI5NzE4NmM5MzE0M2E0NWUxZWNhNzIzZTFmYzI5M2ZmYzp7Il9hdXRoX3VzZXJfaWQiOiIxIiwiX2F1dGhfdXNlcl9iYWNrZW5kIjoiZGphbmdvLmNvbnRyaWIuYXV0aC5iYWNrZW5kcy5Nb2RlbEJhY2tlbmQiLCJfYXV0aF91c2VyX2hhc2giOiI0NjYyYThjOTUzM2Y3MDMxOTMwOGFiYjZlYmQ5YjFjMTU5ZjQ4YzlkIn0=','2020-07-08 09:16:28.578302'),('brk02iwvfn9zh1r60f3tvxbnbfgx6r25','ZTVkNWUxZDI5NzE4NmM5MzE0M2E0NWUxZWNhNzIzZTFmYzI5M2ZmYzp7Il9hdXRoX3VzZXJfaWQiOiIxIiwiX2F1dGhfdXNlcl9iYWNrZW5kIjoiZGphbmdvLmNvbnRyaWIuYXV0aC5iYWNrZW5kcy5Nb2RlbEJhY2tlbmQiLCJfYXV0aF91c2VyX2hhc2giOiI0NjYyYThjOTUzM2Y3MDMxOTMwOGFiYjZlYmQ5YjFjMTU5ZjQ4YzlkIn0=','2020-07-06 09:56:50.923703'),('jg72duu51pfue412oqz6eq5f96r125vu','ZTVkNWUxZDI5NzE4NmM5MzE0M2E0NWUxZWNhNzIzZTFmYzI5M2ZmYzp7Il9hdXRoX3VzZXJfaWQiOiIxIiwiX2F1dGhfdXNlcl9iYWNrZW5kIjoiZGphbmdvLmNvbnRyaWIuYXV0aC5iYWNrZW5kcy5Nb2RlbEJhY2tlbmQiLCJfYXV0aF91c2VyX2hhc2giOiI0NjYyYThjOTUzM2Y3MDMxOTMwOGFiYjZlYmQ5YjFjMTU5ZjQ4YzlkIn0=','2020-07-04 20:04:12.479478'),('jxeh3t2bt8hr2hckj25z13rulmlm5ha2','ZTVkNWUxZDI5NzE4NmM5MzE0M2E0NWUxZWNhNzIzZTFmYzI5M2ZmYzp7Il9hdXRoX3VzZXJfaWQiOiIxIiwiX2F1dGhfdXNlcl9iYWNrZW5kIjoiZGphbmdvLmNvbnRyaWIuYXV0aC5iYWNrZW5kcy5Nb2RlbEJhY2tlbmQiLCJfYXV0aF91c2VyX2hhc2giOiI0NjYyYThjOTUzM2Y3MDMxOTMwOGFiYjZlYmQ5YjFjMTU5ZjQ4YzlkIn0=','2020-07-07 14:19:32.686082'),('pi8cw8dv6hrfx6obfqtw9wy57psaga5w','ZTVkNWUxZDI5NzE4NmM5MzE0M2E0NWUxZWNhNzIzZTFmYzI5M2ZmYzp7Il9hdXRoX3VzZXJfaWQiOiIxIiwiX2F1dGhfdXNlcl9iYWNrZW5kIjoiZGphbmdvLmNvbnRyaWIuYXV0aC5iYWNrZW5kcy5Nb2RlbEJhY2tlbmQiLCJfYXV0aF91c2VyX2hhc2giOiI0NjYyYThjOTUzM2Y3MDMxOTMwOGFiYjZlYmQ5YjFjMTU5ZjQ4YzlkIn0=','2020-07-05 18:21:23.788286'),('tkmq17c94l4r1fq1x54fas0qh21ovgbf','ZTVkNWUxZDI5NzE4NmM5MzE0M2E0NWUxZWNhNzIzZTFmYzI5M2ZmYzp7Il9hdXRoX3VzZXJfaWQiOiIxIiwiX2F1dGhfdXNlcl9iYWNrZW5kIjoiZGphbmdvLmNvbnRyaWIuYXV0aC5iYWNrZW5kcy5Nb2RlbEJhY2tlbmQiLCJfYXV0aF91c2VyX2hhc2giOiI0NjYyYThjOTUzM2Y3MDMxOTMwOGFiYjZlYmQ5YjFjMTU5ZjQ4YzlkIn0=','2020-07-04 21:03:53.720970'),('wzw2u5wz2qwe87f4dny7at2ciu7p5kjy','ZTVkNWUxZDI5NzE4NmM5MzE0M2E0NWUxZWNhNzIzZTFmYzI5M2ZmYzp7Il9hdXRoX3VzZXJfaWQiOiIxIiwiX2F1dGhfdXNlcl9iYWNrZW5kIjoiZGphbmdvLmNvbnRyaWIuYXV0aC5iYWNrZW5kcy5Nb2RlbEJhY2tlbmQiLCJfYXV0aF91c2VyX2hhc2giOiI0NjYyYThjOTUzM2Y3MDMxOTMwOGFiYjZlYmQ5YjFjMTU5ZjQ4YzlkIn0=','2020-07-06 21:26:24.028331'),('y5d8ry3cu1d452sd1o8f5ad79vhou3hn','ZTVkNWUxZDI5NzE4NmM5MzE0M2E0NWUxZWNhNzIzZTFmYzI5M2ZmYzp7Il9hdXRoX3VzZXJfaWQiOiIxIiwiX2F1dGhfdXNlcl9iYWNrZW5kIjoiZGphbmdvLmNvbnRyaWIuYXV0aC5iYWNrZW5kcy5Nb2RlbEJhY2tlbmQiLCJfYXV0aF91c2VyX2hhc2giOiI0NjYyYThjOTUzM2Y3MDMxOTMwOGFiYjZlYmQ5YjFjMTU5ZjQ4YzlkIn0=','2020-07-04 20:50:12.394457'),('z26q7ui9y5kkn377xo3umxg0iftxhh2i','ZTVkNWUxZDI5NzE4NmM5MzE0M2E0NWUxZWNhNzIzZTFmYzI5M2ZmYzp7Il9hdXRoX3VzZXJfaWQiOiIxIiwiX2F1dGhfdXNlcl9iYWNrZW5kIjoiZGphbmdvLmNvbnRyaWIuYXV0aC5iYWNrZW5kcy5Nb2RlbEJhY2tlbmQiLCJfYXV0aF91c2VyX2hhc2giOiI0NjYyYThjOTUzM2Y3MDMxOTMwOGFiYjZlYmQ5YjFjMTU5ZjQ4YzlkIn0=','2020-07-06 10:16:27.488158');
/*!40000 ALTER TABLE `django_session` ENABLE KEYS */;
UNLOCK TABLES;

--
-- Table structure for table `homepage_category`
--

DROP TABLE IF EXISTS `homepage_category`;
/*!40101 SET @saved_cs_client     = @@character_set_client */;
/*!40101 SET character_set_client = utf8 */;
CREATE TABLE `homepage_category` (
  `id` int(11) NOT NULL AUTO_INCREMENT,
  `title` varchar(250) NOT NULL,
  `created` datetime(6) NOT NULL,
  `updated` datetime(6) NOT NULL,
  `category` varchar(50) NOT NULL,
  PRIMARY KEY (`id`)
) ENGINE=InnoDB AUTO_INCREMENT=5 DEFAULT CHARSET=utf8mb4;
/*!40101 SET character_set_client = @saved_cs_client */;

--
-- Dumping data for table `homepage_category`
--

LOCK TABLES `homepage_category` WRITE;
/*!40000 ALTER TABLE `homepage_category` DISABLE KEYS */;
INSERT INTO `homepage_category` VALUES (2,'Linux','2020-06-18 16:32:08.557718','2020-06-20 21:41:22.749161','linux'),(3,'Web','2020-06-18 16:34:08.742522','2020-06-18 16:34:08.742570','web'),(4,'Django','2020-06-20 20:56:09.324806','2020-06-20 20:56:09.324847','django');
/*!40000 ALTER TABLE `homepage_category` ENABLE KEYS */;
UNLOCK TABLES;

--
-- Table structure for table `homepage_category_user`
--

DROP TABLE IF EXISTS `homepage_category_user`;
/*!40101 SET @saved_cs_client     = @@character_set_client */;
/*!40101 SET character_set_client = utf8 */;
CREATE TABLE `homepage_category_user` (
  `id` int(11) NOT NULL AUTO_INCREMENT,
  `category_id` int(11) NOT NULL,
  `user_id` int(11) NOT NULL,
  PRIMARY KEY (`id`),
  UNIQUE KEY `homepage_category_user_category_id_user_id_32419a90_uniq` (`category_id`,`user_id`),
  KEY `homepage_category_user_user_id_f793790b_fk_auth_user_id` (`user_id`),
  CONSTRAINT `homepage_category_us_category_id_b38e7c94_fk_homepage_` FOREIGN KEY (`category_id`) REFERENCES `homepage_category` (`id`),
  CONSTRAINT `homepage_category_user_user_id_f793790b_fk_auth_user_id` FOREIGN KEY (`user_id`) REFERENCES `auth_user` (`id`)
) ENGINE=InnoDB AUTO_INCREMENT=5 DEFAULT CHARSET=utf8mb4;
/*!40101 SET character_set_client = @saved_cs_client */;

--
-- Dumping data for table `homepage_category_user`
--

LOCK TABLES `homepage_category_user` WRITE;
/*!40000 ALTER TABLE `homepage_category_user` DISABLE KEYS */;
INSERT INTO `homepage_category_user` VALUES (2,2,1),(3,3,1),(4,4,1);
/*!40000 ALTER TABLE `homepage_category_user` ENABLE KEYS */;
UNLOCK TABLES;

--
-- Table structure for table `homepage_tutorial`
--

DROP TABLE IF EXISTS `homepage_tutorial`;
/*!40101 SET @saved_cs_client     = @@character_set_client */;
/*!40101 SET character_set_client = utf8 */;
CREATE TABLE `homepage_tutorial` (
  `id` int(11) NOT NULL AUTO_INCREMENT,
  `title` varchar(250) NOT NULL,
  `overview` longtext NOT NULL,
  `slug` varchar(250) DEFAULT NULL,
  `body` longtext NOT NULL,
  `publish` datetime(6) NOT NULL,
  `created` datetime(6) NOT NULL,
  `updated` datetime(6) NOT NULL,
  `status` varchar(10) NOT NULL,
  `author_id` int(11) NOT NULL,
  `category_id` int(11) NOT NULL,
  PRIMARY KEY (`id`),
  KEY `homepage_tutorial_slug_f4f3dbb5` (`slug`),
  KEY `homepage_tutorial_author_id_e27f8a94_fk_homepage_user_id` (`author_id`),
  KEY `homepage_tutorial_category_id_6071e546_fk_homepage_category_id` (`category_id`),
  CONSTRAINT `homepage_tutorial_author_id_e27f8a94_fk_homepage_user_id` FOREIGN KEY (`author_id`) REFERENCES `homepage_user` (`id`),
  CONSTRAINT `homepage_tutorial_category_id_6071e546_fk_homepage_category_id` FOREIGN KEY (`category_id`) REFERENCES `homepage_category` (`id`)
) ENGINE=InnoDB AUTO_INCREMENT=13 DEFAULT CHARSET=utf8mb4;
/*!40101 SET character_set_client = @saved_cs_client */;

--
-- Dumping data for table `homepage_tutorial`
--

LOCK TABLES `homepage_tutorial` WRITE;
/*!40000 ALTER TABLE `homepage_tutorial` DISABLE KEYS */;
INSERT INTO `homepage_tutorial` VALUES (1,'Linux - Compilare Il Kernel','come compilare il kernel su linux','compilare_il_kernel','<p  id=\"p_content\"  style=\"font-weight:normal;\">\r\n\r\n      Non sono in alcun modo responsabile per eventuali cattivi funzionamenti del vostro sistema .\r\n\r\nQuesto tutorial usa una procedura generica che potrebbe non funzionare su alcune distribuzioni Linux.\r\nLa compilazione del kernel è una procedura che può facilmente rendere un sistema inutilizzabile ,se non si sa quello che si sta facendo.\r\nUn buon consiglio affinchè ciò non accada , è di usare il kernel che compileremo come secondo kernel , e di non cancellare , il kernel della\r\n  distribuzione.\r\n  </p>\r\n<div id=\"d_head\"><h4><mark>Dipendenze dei pacchetti per la compilazione</mark></h4></div>\r\n  <p id=\"p_content\">\r\n   La maggior parte dei pacchetti elencati nella  <span style=\"color:blu\"><a href=\"#dipendenze\" title=\"visualizza le dipendenze per la compilazione\">figura 0.a</a></span>  non sono fondamentali , tuttavia sono\r\n     consigliati . Quelli di cui potete far a meno sono , ad esempio , quelli per il filesystem , se non usate un filesystem btrfs non serve installare <b>btrfsprogs</b>\r\n   , e se non usate un file system reiser non serve installare <b>raiserfsprogs</b>, stesso discorso per file system nfs e <b>nfsutils</b>, come non vi serve <b>isdn4k-utils</b>\r\n se non usate una rete isdn ecc... , non vi serve grub se non usate un bootloader grub, tutti i pacchetti per la compilazione e la gestione dei moduli , sono invece fondamentali e sono i primi 5 nella figura\r\n<a href=\"#dipendenze\" title=\"visualizza le dipendenze per la compilazione\">figura 0.a</a></p>\r\n<br><br>\r\n<span style=\"color:orange;\">0.a</span>\r\n<table class=\"table table-dark\" border=\"2\" style=\"width:100%;height:auto;\">\r\n  <thead valign=\"bottom\">\r\n    <tr>\r\n      <th>Programma</th>\r\n      <th>Versione Minima</th>\r\n      <th>Comando</th>\r\n    </tr>\r\n  </thead>\r\n  <tbody valign=\"top\" >\r\n    <tr class=\"\"><td>GNU C</td>\r\n      <td>3.2</td>\r\n      <td>gcc –version</td>\r\n    </tr>\r\n    <tr><td>GNU make</td>\r\n      <td>3.80</td>\r\n      <td>make –version</td>\r\n    </tr>\r\n    <tr><td>binutils</td>\r\n      <td>2.12</td>\r\n      <td>ld -v</td>\r\n    </tr>\r\n    <tr><td>util-linux</td>\r\n      <td>2.10o</td>\r\n      <td>fdformat –version</td>\r\n    </tr>\r\n    <tr><td>module-init-tools</td>\r\n      <td>0.9.10</td>\r\n      <td>depmod -V</td>\r\n    </tr>\r\n    <tr ><td>e2fsprogs</td>\r\n      <td>1.41.4</td>\r\n      <td>e2fsck -V</td>\r\n    </tr>\r\n    <tr>\r\n      <td>jfsutils</td>\r\n      <td>1.1.3</td>\r\n      <td>fsck.jfs -V</td>\r\n    </tr>\r\n    <tr ><td>reiserfsprogs</td>\r\n      <td>3.6.3</td>\r\n      <td>reiserfsck -V</td>\r\n    </tr>\r\n    <tr><td>xfsprogs</td>\r\n      <td>2.6.0</td>\r\n      <td>xfs_db -V</td>\r\n    </tr>\r\n    <tr><td>squashfs-tools</td>\r\n      <td>4.0</td>\r\n      <td>mksquashfs -version</td>\r\n    </tr>\r\n    <tr ><td>btrfs-progs</td>\r\n      <td>0.18</td>\r\n      <td>btrfsck</td>\r\n    </tr>\r\n    <tr ><td>pcmciautils</td>\r\n      <td>004</td>\r\n      <td>pccardctl -V</td>\r\n    </tr>\r\n    <tr ><td>quota-tools</td>\r\n      <td>3.09</td>\r\n      <td>quota -V</td>\r\n    </tr>\r\n    <tr ><td>PPP</td>\r\n      <td>2.4.0</td>\r\n      <td>pppd –version</td>\r\n    </tr>\r\n    <tr ><td>isdn4k-utils</td>\r\n      <td>3.1pre1</td>\r\n      <td>isdnctrl 2&gt;&amp;1|grep version</td>\r\n    </tr>\r\n    <tr ><td>nfs-utils</td>\r\n      <td>1.0.5</td>\r\n      <td>showmount –version</td>\r\n    </tr>\r\n    <tr ><td>procps</td>\r\n      <td>3.2.0</td>\r\n      <td>ps –version</td>\r\n    </tr>\r\n    <tr ><td>oprofile</td>\r\n      <td>0.9</td>\r\n      <td>oprofiled –version</td>\r\n    </tr>\r\n    <tr ><td>udev</td>\r\n      <td>081</td>\r\n      <td>udevd –version</td>\r\n    </tr> </div>\r\n    <tr ><td>grub</td>\r\n      <td>0.93</td>\r\n      <td>grub –version || grub-install –version</td>\r\n    </tr>\r\n    <tr ><td>mcelog</td>\r\n      <td>0.6</td>\r\n      <td>mcelog –version</td>\r\n    </tr>\r\n    <tr ><td>iptables</td>\r\n      <td>1.4.2</td>\r\n      <td>iptables -V</td>\r\n    </tr>\r\n    <tr ><td>openssl &amp; libcrypto</td>\r\n      <td>1.0.0</td>\r\n      <td>openssl version</td>\r\n    </tr>\r\n    <tr ><td>bc</td>\r\n      <td>1.06.95</td>\r\n      <td>bc –version</td>\r\n    </tr>\r\n    <tr ><td>Sphinx</td>\r\n      <td>1.2</td>\r\n      <td>sphinx-build –version</td>\r\n    </tr>\r\n  </tbody>\r\n</table>\r\n\r\n<p  id=\"p_content\" style=\"margin-top:10%;font-weight:normal;\" >\r\n Alcuni pensano ,  che in informatica , compilare significhi : selezionare un opzione piuttosto\r\nche un altra da una lista di opzioni , altri  che\r\n significhi scrivere(compilare) codice di programmazione . <b>Compilare , in informatica , identifica il processo svolto appunto da un compilatore di codice (cc, gcc, javac ,ecc..)\r\nche consiste nella conversione di un listato di codice informatico comprensibile ad un uomo ( normale codice di programmazione ) in una sequenza di: 0 1  ,comprensibili per un computer</b> . Quindi il Kernel che\r\nora scaricheremo è codice comprensibile ad un uomo , ad esempio : <code> function scaricaKernel(link,os,version,) {\r\n  if (url.validate==True) {\r\n    .....\r\n  }\r\n}</code> che noi <b><mark>compileremo</mark></b> in codice comprensibile ad una macchina (linguaggio macchina) : <b> 0 1 0 0 1 </b> attraverso l\' uso di un compilatore C , C ++ , con l \' ausilio dello strumento MAKE.\r\npuò sembrare compilcato , ma ricordo che un argomento è complicato finchè non lo si conosce , dal momento\r\nche lo si è appreso diventa semplice. Quindi dopo aver installato le dipendenze per la buona riuscita della compilazione ,<mark> scarichiamo il kernel\r\n  <a href=\"https://kernel.org\" title=\"download del kernel Linux\" target=\"_blank\">qui</a>.</mark>\r\n  Il file scaricato dovrebbe essere compresso, quindi:<br><br></p>\r\n  <div id=\"d_head\" class=\"badge badge-outline-info\" style=\"width:50%!important;max-width:50%!important;display:inline-block!important;\"><h4>decomprimiamolo cosi :</h4><br>\r\n  <code> $ unxz linux-a.x.by.tar.xz</code></div>\r\n  <div id=\"d_head\" class=\"badge badge-outline-info\" style=\"width:50%!important;display:inline-block!important;float:right;\"> <img width=\"100%\" src=\'{% static \'images/kernel_extract_2.jpg\' %}\'\\></div>\r\n  <br><br><br><br><br><br><br><div  id=\"d_head\" class=\"badge badge-outline-info\" style=\"width:50%!important;display:inline-block!important;\"><h4>estraiamo l\' archivio tar :</h4>\r\n    <br> <code> $ tar xvf linux-a.x.by.tar</code></div>\r\n\r\n<div class=\"badge badge-outline-info\" style=\"width:50%!important;display:inline-block!important;float:right;\">\r\n<img width=\"100%\" src=\'{% static \'images/linux_kernel_4.png\' %}\'\\></div>\r\n\r\n<p id=\"p_content\"  style=\"margin-top:5%;font-weight:normal;\">A questo punto abbiamo la cartella : <code>linux-x.y.ab</code>\r\n  scompattata . Il file di configurazione del Kernel si chiama <b>.config</b> si trova nella cartella principale del kernel ed\r\n  è nascosto ( tutti i file preceduti da un punto sono files nascosti ) potrebbe essere configurato con qualsiasi editor di testi ,\r\n  ma è meglio usare le utilità offerte dal gestore pacchetti , come quelle visulizzabili con i comandi : <mark>make xconfig , make nconfig , make gconfig ecc.. </mark>\r\n  la figura <a href=\"#img_8\">8a</a> mostra l\' interfaccia di configurazione di un file <mark>.config</mark> attraverso l\' uso del comando <code>make nconfig</code>\r\n  ogni parametro del file di configurazione <b>.config </b> può ammettere l\' inserimento di un valore , ad\r\n   esempio il parametro per lo standby di una scheda , oppure le opzioni di scelta per il driver della CPU , lo scheduling , il tipo di preemption (la modalità di assegnamento risorse),\r\n   che può essere per server o per desktop.\r\n   <mark>Oppure può ammettere al massimo tre risposte possibili : <amp> &lt;*> , &lt; >  , &lt;m></amp> </mark>come si può vedere sempre nella figura <a href=\"#img_7\">1.a</a>.\r\n  <br><br>\r\n  <span style=\"color:blu\"><a href=\"#nconfig\" title=\"visualizza le dipendenze per la compilazione\">figura 1.a</a></span>\r\n  <img id=\"nconfig\" width=\"100%\" src=\'{% static \'images/nconfig.jpg\' %}\'\\><br><br>\r\n   <mark><amp>&lt;*></amp></mark>  questa scelta applicata ad esempio ad un driver , fa si che esso sia caricato nel kernel, ma non dal filesystem\r\n    , non essendo presente sul filesystem e cioè l\' aria di memoria su cui un amministratore può effettuare modifiche , non è possibile interagire con esso.\r\n   quindi l\' amministratore una volta scelto di attivare l\' opzione , questa sarà per sempre attiva senza possibilità di\r\n    modificarla in seguito , all\' avvio del sistema per esempio come avviene quando si\r\n   sceglie l \'opzione &lt;m> .<br><br>\r\n\r\n  <mark><amp>&lt;m></amp></mark> compila la parte del kernel a cui si riferisce come modulo (m) , appunto , e lo mette sul filesystem\r\n   ,il vantagggio in questo caso  (m) è che si può scegliere all\' avvio del sistema se caricare il modulo oppure no .\r\n   I kernel precompilati delle distribuzioni , usano compilare le opzioni soprattutto come modulo , in quanto non possono sapere a priori ,\r\n   quale sia l \'hardware su cui verrà installato il kernel ,  così preferiscono riservarsi la scelta \"carico/non carico\" dopo aver letto ( con un software ) quale sia l\' hardware su\r\n   cui sta girando il Kernel . Alcuni sistemi operativi come Debian , offrono sia la possibilità\r\n   di selezionare tutti i drivers presenti sul kernel , selezionandoli tutti , sia\r\n     la possibilità di selezionare solo quelli realmente necessari al sistema , specificando però che esiste il rischio ,\r\n     che alcuni moduli necessari non vengano caricati . In più , attivando un driver come modulo , si da all\' utente la possibilità di abilitare\r\n   e disabilitare un opzione o un driver al bisogno , <br> <br> <mark> &lt; ></mark> sta per no , e semplicemente non carica l \' opzione su cui è applicata la scelta\r\n   <br><br>\r\n   Ci si potrebbe chiedere : <mark>ma non è meglio selezionare tutte le opzioni come modulo (m) , visto che si ha un livello d\' interazione più elevato ?\r\n   </mark>La risposta è : purtroppo non è possibile ! consideriamo i driver per i canali SATA del hard disk , perchè non è possibile selezionare i driver dell\' hard disk\r\n   come modulo (m) ? risposta : il sistema per caricare un modulo deve poter accedere al hard disk ! ma come fa ad accedere all\' hard disk se ancora non ha letto i drivers(moduli)\r\n   per l\' hard disk ??! la soluzione a questo problema esiste ed essa è rappresentata dal file <mark><code>initrd</code></mark>\r\n  l\' immagine giù e presa da Wikipedia :<br><br>\r\n      <img width=\"100%\" src=\'{% static \'images/kernel_1.jpg\' %}\'\\>\r\n      </p>\r\n<p  id=\"content\" style=\"margin-top:2%;font-weight:normal;\">\r\n\r\n    - Entriamo nella cartella linux e azzeriamo\r\n    le dipendenze con il comando <code>mrproper</code></p>\r\n      <div style=\"width:100%;\"><img width=\"100%\" src=\'{% static \'images/linux_extract_5.jpg\' %}\'\\></div>\r\n      <p id=\"p_content\"  style=\"margin-top:5%;font-weight:normal;\"> Il comando <code>mrproper</code>\r\n        serve a pulire la cartella in cui ci troviamo da precedenti compilazioni , è una sorta di\r\n        <code>make clean</code> approfondito. Più specificamente <code>mrproper</code> rimuove\r\n        i file generati , come detto prima , in precedenti compilazioni , i files di backup , e perfino il file .config che è\r\n        il file in cui è memorizzata la configurazione del kernel che verrà compilato , quindi se non volete cancellare un file .config\r\n        fate un backup prima di eseguire <b>mrproper</b> . basta rinominare il file <b>.config</b> in <b>config.bak</b> e <b>mrproper</b>\r\n         non lo cancellerà più. <br><br>\r\n         </p>\r\n         <h4><mark>Configuriamo Il Kernel Per La Compilazione</mark></h4><br>\r\n         <p  id=\"p_content\" style=\"margin-top:2%;font-weight:normal;\">\r\n           l\' immagine 0b sotto , è presa dal sito kernel.org e mostra le principali utilità per configurare il kernel . Personalmente preferisco usare \'nconfig\' , ma\r\n           è questione di preferenze e librerie di sistema , chi usa gnome come dm , sarà piu propenso ad usare gconfig , chi usa kde \'xconfig\' , ma certo nulla vieta\r\n           di fare il contrario. <br>\r\n            <img width=\"100%\" src=\'{% static \'images/kernel_6.jpg\' %}\'\\><br><br>\r\n            se scegliete di usare \'nconfig\' potrebbe essere necessario installare : <b>bison , flex , libncurses5-dev . </b><br><br>\r\n            <br>\r\n\r\n            <b>- quindi i primi cinque comandi della finestra sopra </b> :\r\n             <br><br>\r\n<br><code>make nconfig</code><br>\r\n<br><code>make xconfig</code><br>\r\n<br><code>make gconfig</code><br>\r\n<br><code>make menuconfig</code><br>\r\n<br><code>make config</code><br>\r\n             <br><br>\r\n             <b>aprono un interfaccia testuale</b> per la configurazione del kernel. La finestra sotto mostra ad esempio la finestra che si apre sul mio PC con\r\n               il comando <code>make nconfig</code><br><br>\r\n               <b>8a</b>\r\n              <img id=\"img_8\" width=\"100%\" height=\"500px\"src=\'{% static \'images/make_nconfig.jpg\' %}\'>\r\n            </p>\r\n            <p id=\"p_content\" style=\"margin-top:2%;font-weight:normal;\">\r\n              <b>Tutti i comandi successivi ai cinque  sopracitati </b>, scrivono una configurazione nel file <code>.config</code> come spiegato nell\' immagine.\r\n              Sfortunatamente non è per nulla semplice capire quali sono veramente tutte le opzioni che servono al nostro sistema ,\r\n              il sistema operativo quasi sempre riesce a capire quali moduli servono, e li carica, tuttavia non di rado , occorre\r\n              che un amministratore di sistema debba apportare modifiche al kernel se vuole avere un sistema performante ,\r\n              ad esempio le distribuzioni impostano il driver del processore , sul loro kernel precompilato sempre su <b>\"Generic\"</b>\r\n              e il numero di processori al numero massimo consentito ( una volta su debian era impostato a 512 ) , così si aveva la sicurezza\r\n              che funzionasse su ogni sistema . Il driver della CPU viene impostato su Generic , la CPU deve essere immediatamente operante , non si può permettere di attendere un driver\r\n              funzionante dopo l\' avvio del sistema , come si potrebbe permettere una scheda audio , o un driver per il sensore delle puzze ,\r\n              un sistema per avviarsi deve avvere un processore ! quindi anche se possibile , per alcuni componenti hardware , non ha molto senso avere\r\n              moduli per drivers , devono essere subito operativi , a questi componenti non si può delegare l\' immediata operatività , e\r\n              quando lo si può fare è perchè c\'è un altro driver già funzionante che lavora a monte , come succede per una scheda video ,\r\n              posso attivarne i drivers come moduli solo perchè al boot il sistema ha dei drivers che se pur minimali ,\r\n              garantiscono il corretto funzionamento della scheda . Quindi deselezionare il driver generic della cpu e selezionare il driver giusto (amd , intel , via ecc...) poi come numero di\r\n              processori l\' opzione giusta è <mark>(numero core) + 1 </mark> , quindi se ho un octacore seleziono : 9 .\r\n\r\n              Il modo migliore per scrivere un file <code>.config</code> funzionale , penso che sia\r\n              quello di usare <code>lsmod</code> con <code>make localmodconfig</code> per poi rifinere la configurazione manualmente  . lsmod serve a visualizzare i moduli del kernel caricati dal sistema operativo che sta girando.\r\n              Questo comando se usato con <code>make</code> ci copia la configurazione attuale del kernel in uso nel file <code>.config</code> del kernel che ci apprestiamo a compilare .\r\n              C\' è da dire che molte distribuzioni linux applicano questo strumento automaticamente , scrivendo per noi il file .config , ma questo avviene\r\n              solo se installo un kernel dal gestore dei pacchetti . Se prendo il kernel dal sito \"kernel.org\" ovviamente devo operare da solo.\r\n              Di seguito la procedura per riscrivere il file <b>.config</b> con \"make lsmod\":</p>\r\n\r\n              <p id=\"p_content\"  style=\"margin-top:2%;font-weight:normal;\">\r\n            <b> - chiediamo al sistema operativo una lista dei moduli caricati e scriviamola in un file di testo </b>:<br><br> <span> <code style=\"background-color:black\">\r\n                <span style=\"color:yellow\">$</span> <span style=\"color:white\">sudo lsmod > mod</span></code><br><br>\r\n                il comando della riga precedente redirige , per mezzo del simbolo : <span class=\"badge badge-info\">></span> , il risultato  del comando :  <span class=\"badge badge-info\">lsmod</span> appunto ,\r\n                che serve a visualizzare la lista dei moduli del kernel caricati dal sistema operativo , in un file che abbiamo chiamato <span class=\"badge badge-info\">mod</span> , ma avremo potuto usare qualsiasi altro nome ovviamente .<br><br>\r\n            <b>  - Controlliamo che sia stato creato il file :</b><br><br> <span> <code style=\"background-color:black\">\r\n                  <span style=\"color:yellow\">$</span> <span style=\"color:white\">cat mod</span></code><br><br>\r\n\r\n                <b>- Se il file  non è vuoto si può procedere a scrivere la configurazione in <code>.config</code> così:</b><br><br>\r\n\r\n                     <code style=\"background-color:black;\">  <span style=\"color:yellow\">$</span> <span style=\"color:white\">make LSMOD=mod localmodconfig</span></code>\r\n                     <br><br>Se nel kernel  da compilare ci sono nuove impostazioni , ci verrà chiesto da terminale come configurare le nuove opzioni\r\n                     .\r\n                      La configurazione che abbiamo scritta dovrebbe essere sufficiente al funzionamento del kernel , tuttavia per chi volesse cimentarsi in una configurazione\r\n                      manuale , puo eseguire l\' utilità di configurazione <code> make nconfig </code> come fatto prima. Se volete compilare il kernel affinchè si avii senza\r\n                      <code>initrd</code> dovete impostare tutti i drivers che servono a far partire il sistema in modalità \"built in\" cioè non come moduli e quindi selezionando\r\n                      &lt;y> nella configurazione , se invece non vi sentite sicuri e non volete rischiare di ritrovarvi con un sistema che non parte( rischio molto elevato anche se lo si usa ) , il consiglio è quello di usarlo .\r\n                        vi risparmia parecchi grattacapi .  Dopo che avremo compilato il kernel , mostrerò come generare un immagine <code>initrd</code>.\r\n\r\n          </p>\r\n\r\n            <br><br><hr>\r\n\r\n            <span id=\"s_kernel\"class=\"badge badge-info\">Prima Di Compilare</span>\r\n\r\n\r\n\r\n\r\n\r\n\r\n              <p  id=\"p_content\" style=\"font-weight:normal;\"><br><br>\r\n                per compilare lanciate <code>make</code> dalla cartella linux-x.y.ab<br>\r\n                se avete un processore con più di due core ,e volete compilare più velocemente , usate il parametro <code>-j</code>\r\n                che prende come parametro il numero di processi consentito . Se non indicato , ne permette un numero infinito , tuttavia\r\n                nelle distro in genere al parametro <code>MAKEOPTS</code> viene assegnato un valore = -j2 , che è perfetto per un monocore ,\r\n                che usa un processore fisico più uno virtuale , ad esempio io che possiedo un octacore su una distro Gentoo linux nel file <code>make.conf</code> imposto\r\n                 la variabile <code>MAKEOPTS=\"-j9\"</code> tuttavia make.conf , nelle altre distro non mi risulta che esista , per questi sistemi bisogna\r\n                 esportare la variabile d\' ambiente <code>concurrency_level=-j(numeroprocessori + 1)</code> nel file <mark>.bashrc o /etc/profile ecc..</mark>\r\n                  . Anche in Debian/Ubuntu va impostata la variabile <code>concurrency_level=x</code> , oppure è possibile usare il parametro <code> -j </code>\r\n                 in make da riga di comando , soluzione che funziona ovunque . Ho sentito parecchi pareri discordanti sull\' utilità di usare la flag <mark>-j</mark> , ma alla fine il dato inconfutabile è\r\n                 uno solo ,  è evidente che se compilo con il parametro <code>-j9</code> su una cpu octacore finisco di compilare prima di quanto riesca a fare senza <code>-j9</code>,\r\n                   e il motivo è evidente anche osservando i grafici del carico della cpu , che monitorano tutte e 8 cpu . Le cpu durante la compilazione sono tutte e 8 al 100% di carico , quindi è ovvio perchè il processo\r\n                   di compilazione duri meno . D\' altronde è anche vero che se impegno tutte e 8 cpu al 100% poi non ho risorse per fare altro che compilare .<br><br>\r\n                 </p>\r\n                  <hr>\r\n\r\n                  <span id=\"s_kernel\"class=\"badge badge-info\">Compilazione</span><br><br>\r\n                   <b>Compiliamo con <br></b>\r\n                  <code style=\"color:yellow;background-color:black;\">mario@androgenic:~/Scaricati/linux-5.6.10$<span style=\"color:white\"> make</span></code>\r\n                  <br><br><br>\r\n                  <b>Oppure per velocizzare il processo , esempio Per un Octacore :<br>\r\n                    <code style=\"color:yellow;background-color:black;\">mario@androgenic:~/Scaricati/linux-5.6.10$<span style=\"color:white\"> make -j9</span></code>\r\n                  </b>  <br><br><br>\r\n\r\n                    <b>Per un QuadCore :<br>\r\n                      <code style=\"color:yellow;background-color:black;\">mario@androgenic:~/Scaricati/linux-5.6.10$<span style=\"color:white\"> make -j5</span></code>\r\n\r\n                  </b><br>\r\n                  <br>\r\n                    <br><br><br><hr>\r\n                    <span id=\"s_kernel\"class=\"badge badge-info\">Installiamo I Moduli</span><br><br>\r\n\r\n                  <b>installiamo i moduli con :<br>\r\n\r\n                    <code style=\"color:yellow;background-color:black;\">mario@androgenic:~/Scaricati/linux-5.6.10$<span style=\"color:white\">sudo make modules_install</span></code>\r\n\r\n\r\n                  </b><br><br>\r\n\r\n                      <br><br><hr>\r\n\r\n                      <span id=\"s_kernel\"class=\"badge badge-info\">Installiamo il Kernel In Boot ...</span><br><br>\r\n                      <mark>Assicuratevi che la partizione <code>boot</code> sia montata</mark> , perchè il comando <code>make install</code> che useremo dovrà scrivere dei files\r\n                      al suo interno.\r\n                      Se volete usare <code>initrd</code> , installate il pacchetto <b><code>initramfs-tools</code></b> necessario per la sua creazione. installiamo il kernel e copiamo alcuni file nella cartella boot con :<br><br>\r\n                        <code style=\"color:yellow;background-color:black;\">mario@androgenic:~/Scaricati/linux-5.6.10$<span style=\"color:white\">\r\n                        <b>  sudo make install</b></span></code>\r\n                          <br><br> il comando <code>make install</code> tra l\' altro copia il kernel dalla cartella di compilazione nella directory <code>boot</code>\r\n                          e generà <mark>initramfs o initrd</mark> , come si può vedere nell\' imaggine qui sotto :\r\n                          <br><br>\r\n                          <img class=\"img img-thumbnail\"id=\"img_8\" width=\"100%\" height=\"500px\"src=\'{% static \'images/shell1.jpg\' %}\'>\r\n\r\n\r\n          <hr style=\"background-color:black;border:2px solid;width:100%;\">\r\n            <p id=\"p_content\"  style=\"margin-top:2%;font-weight:normal;\"><br><br>\r\n              Se avete compilato il kernel con il file <code>.config</code> della distribuzione linux che usate, dovrete creare il file <code>initrd</code> affinchè\r\n              possano essere caricati i moduli per far avviare il sistema , per il fatto che praticamente\r\n              tutte le distribuzioni Linux , compilano il kernel della propria distro appunto , appositamente per il suo uso con initrd. Di seguito mostrerò come crearlo\r\n              Nel caso non ci siate riusciti prima.\r\n            </p>\r\n            <hr style=\"background-color:black;border:2px solid;width:100%;\">\r\n\r\n              <p id=\"p_content\" style=\"margin-top:2%;font-weight:normal;\">\r\n              <span id=\"s_kernel\"class=\"badge badge-info\">  Initrd o Initramfs</span><br><br>\r\n                <mark>Il file Initrd o il più recente initramfs contiene essenzialmente i moduli (drivers) che servono ad un pc per avviarsi</mark> . Initrd\r\n                emula un filesystem di root che può essere montato sulla ram , su una periferica di loopback , su un floppy .\r\n               il sistema dopo aver eseguito initrd , libera la memoria e monta la partizione vera di root del\r\n                sistema operativo.\r\n                </p><br><br><br>\r\n                  <p style=\"margin:2% auto;font-weight:normal;\">\r\n              <span id=\"s_kernel\" class=\"badge badge-info\">Creazione di initramfs</span>\r\n\r\n                  <br><br>\r\n                   Per creare initrd\r\n                    eseguite con sudo o come amministratore :\r\n\r\n                      <code style=\"background-color:black;\"><br><span style=\"color:white\"># mkinitramfs 5.6.10 -o initramfs-5.6.10.img</span>\r\n                      </code><br>\r\n                      <br>il primo parametro e cioè <code>5.6.10</code> è la versione del kernel che abbiamo compilato e su cui vogliamo creare l\' initrd.\r\n                      la flag <code> -o </code> sta per output e definisce il nome del file creato in questo caso <code> initramfs-5.6.10.img </code>\r\n\r\n                      Se volete vedere tutte le versioni di kernel disponibili , queste sono elencate in &nbsp<code>/lib/modules</code>\r\n                      Se volete sapere la versione del kernel in uso dal sistema eseguite :<br><br> <code>$ echo $(uname -r)</code>\r\n</p>\r\n    <p id=\"p_content\" >  <span id=\"s_kernel\" class=\"badge badge-info\">Configurare Grub Per L\' Avvio del Sistema</span></p>\r\n    <p>\r\n    Questo passo dovrebbe non essere necessario perchè il comando <code> make install </code> lo svolge automaticamente .\r\n      Sui sistemi Debian/Ubuntu eseguire :<br><br> <code>update-grub</code><br><br>\r\n      la procedura standard che va bene su tutti i sistemi linux è :<br>\r\n       <mark>come amministratore da console</mark> :<br><br>\r\n      <code>grub-mkconfig -o /boot/grub/grub.cfg</code><br><br> Riavviate il pc per provare il kernel .\r\n</p>','2020-06-18 16:30:08.000000','2020-06-18 16:32:11.963617','2020-06-22 20:49:26.538784','pubblicato',1,2),(2,'Html - Menù Animato A Comparsa','creare un menù animato a scomparsa in una pagina Web','menu_a_comparsa','<p id=\"p_content\" style=\"font-weight:normal;\" >\r\n    In questo tutorial andremo a creare un menù a comparsa, proprio come quello che si può vedere in alto a sinistra dopo aver cliccato sull\' icona a freccia :\r\n    <img style=\"display:inline-block;width:30px;height:auto;\"  class=\"img img-thumbnail\"src=\'{% static \'images/angle-right2.png\' %}\'\\>\r\n    (<span style=\"font-color:orange\" title=\"fontawesome è una libreria di icone di cui esiste una versione opensource e una a pagamento\">fontawesome angle right</span>)\r\n    che potete trovare nella libreria opensource : fontawesome, a <a href=\"https://fontawesome.com/\">questo </a>link.\r\n    <mark>Per completare il tutorial è necessario avere <span style=\"color:orange\"title=\"è una libreria javascript\"> jquery </span>,<span style=\"color:orange\"\r\n    title=\"è una libreria HTML \">   bootstrap </span>, <span  style=\"color:orange\" title=\"libreria di icone e fonts vari\">fontawesome</span> e\r\n    <span  style=\"color:orange\" title=\"dipendenza per bootstrap\">popper</span></mark>, quest\' ultimo se pur non indispensabile è buona norma\r\n    averlo , in quanto è una dipendenza delle librerie bootstrap . Negli head c\'è la versione 4.7 di fontawesome,se\r\n    volete usare l\'ultima versione che ad oggi è la 5 : andate al link fontawesome di prima.\r\n    Create un file html e inserite il codice sottostatnte al suo interno:\r\n<br><br>\r\n\r\n\r\n\r\n      <span class=\"badge badge-info\" style=\"color:white;\">index.html\r\n      </span><br>\r\n      <code>\r\n      <pre id=\"x_code\">\r\n        &lt!DOCTYPE html>\r\n        &lt;html lang=\"it\">\r\n        &lt;head>\r\n        &lt;link rel=\"stylesheet\" href=\"https://stackpath.bootstrapcdn.com/bootstrap/4.4.1/css/bootstrap.min.css\" integrity=\"sha384-Vkoo8x4CGsO3+Hhxv8T/Q5PaXtkKtu6ug5TOeNV6gBiFeWPGFN9MuhOf23Q9Ifjh\" crossorigin=\"anonymous\">\r\n        &lt;link rel=\"stylesheet\" href=\"https://cdnjs.cloudflare.com/ajax/libs/font-awesome/4.7.0/css/font-awesome.min.css\">\r\n        &lt;/head>\r\n        &lt;body>\r\n        &lt;div class=\"container-fluid\" style=\"\">\r\n        &lt;div id=\"asidebar\" style=\"background-color:white;\">\r\n           &lt;span id=\"asidebar\" style=\"margin-top:5%;font-size:5vw\" class=\"fa fa-angle-right\" aria-hidden=\"true\">&lt;/span>\r\n            &lt;/div> &lt;span id=\"s_left_tutorial\" class=\"badge badge-info\">Tutorial&lt;/span>\r\n        &lt;/div>\r\n         &lt;div  class=\"d_divaside\" style=\"margin:0;padding:0;position:absolute;width:20%;max-width:20%;\">\r\n           &lt;div class=\"list-group\" id=\"d_asidemenu\" role=\"tablist\">\r\n             &lt;a  id=\"a_html2\" class=\"list-group-item list-group-item-action\" data-toggle=\"list\" href=\"#d_inasidemenu\" role=\"tab\">&lt;span id=\"s_leftmenu\" style=\"color:orange!important;\">django&lt;/span>&lt;/a>\r\n             &lt;a id=\"a_html\" class=\"list-group-item list-group-item-action\" data-toggle=\"list\" href=\"#d_html_inasidemenu\" role=\"tab\">&lt;span id=\"s_leftmenu\" style=\"color:orange!important;\">html&lt;/span>&lt;/a>\r\n           &lt;!-- Tab panes -->\r\n           &lt;div id=\"d_htmlmenu\" class=\"list-group\">\r\n               &lt;a id=\"a_html\" class=\"list-group-item list-group-item-action\"   href=\"{% url \'tutorial:tutorial_list\' %}?title=menu_a_comparsa\">\r\n                 &lt;span id=\"s_leftmenu\" style=\"color:orange!important;\">Menu Animato&lt;/span>\r\n             &lt;/a>\r\n           &lt;/div>\r\n        &lt;/div>\r\n           &lt;/div>\r\n        &lt;/div>\r\n        &lt;script  src=\"{% static \'js/jquery.min.js\' %}\">&lt;/script>\r\n        &lt;script src=\"https://stackpath.bootstrapcdn.com/bootstrap/4.4.1/js/bootstrap.min.js\" integrity=\"sha384-wfSDF2E50Y2D1uUdj0O3uMBJnjuUD4Ih7YwaYd1iqfktj0Uod8GCExl3Og8ifwB6\" crossorigin=\"anonymous\">&lt;/script>\r\n        &lt;script  src=\"{% static \'js/aside.js\' %}\">&lt;/script>\r\n        &lt;/body>\r\n        &lt;/html>\r\n       </pre></code>\r\n       </p>\r\n\r\n\r\n  <p id=\"p_content\">\r\n    <span id=\"title_paragrafo\" class=\"badge badge-info\"style=\"color:white;\">Applichiamo gli stili in css3 :</span><br><br>\r\n    <span style=\"font-weight:normal;\">impostiamo le proprietà nel file css. E\' importante e ovvio che il menu  sia inizialmente nascosto, deve essere nascosto perchè\r\n      esso va visualizzato quando il client che usa la pagina clicca sulla freccia <mark>angle-right</mark>,perciò per farlo apparire inizialmente nascosto ,\r\n       imposteremo la proprietà <b>left</b> a : <code>left:-700px;</code>\r\n    in seguito il click del mouse sulla freccia eseguirà la funzione javascript che renderà l\' elemento nascosto , di nuovo visibile.\r\n     impostando <code>left: 0px;</code><br><br>\r\n    <span class=\"badge badge-info\" style=\"color:white;\">homepage.css\r\n    </span>\r\n      <code>\r\n          <pre id=\"x_code\">\r\n        .d_divaside{\r\n           position:absolute;\r\n           width:20%;\r\n           max-width:20%;\r\n           padding:0;\r\n           margin:0;\r\n           font-size:1vw;\r\n           color:white;\r\n           <span style=\"font-weight:bold;\"><mark>left:-700px;</mark></span>\r\n           height:auto;\r\n           z-index:100!important;\r\n        }\r\n        #d_htmlmenu{\r\n          display:none;\r\n          background-color:whitesmoke;\r\n          color:orange;\r\n          margin-left:10%;\r\n          margin-top:0%;\r\n          padding:5%;\r\n          width:100%;\r\n        }\r\n        #s_left_tutorial{\r\n          color:white!important;\r\n          font-size:1vw;\r\n        }\r\n\r\n        </pre>\r\n        </code>\r\n\r\n</p>\r\n\r\n\r\n\r\n\r\n  <p id=\"p_content\">\r\n      <b><span class=\"badge badge-info\" id=\"title_paragrafo\" style=\"color:white;\">Creiamo il file javascript per gestire gli eventi:</span></b><br><br>\r\n    <span style=\"font-weight:normal\"> Per mostrare il menu al click del mouse sulla freccia , bisogna intercettare a livello di codice ,\r\n      l\' evento click appunto . Il linguaggio scelto per fare ciò è javascript . Nel codice javascript sottostante , la porzione di codice che intercetta il click del mouse\r\n      sulla pagina html è questa :<code> $(\'#asidebar\').click(function(){.... ecc...</code>\r\n      Oltre a gestire l\' evento click , gestiremo anche l\' evento <mark>hover</mark>, l\' evento <mark>hover</mark> si verifica Quando il mouse passa con il puntatore sull\' oggetto interessato : la freccia in questo caso.\r\n\r\n     Quando accadrà l\' evento <mark>hover</mark> la freccia si animerà , spostandosi da destra a sinistra e viceversa in 400 ms . Quest\' animazione oltre alla bellezza dell\' effetto visivo ,\r\n     contribuisce a far capire al client che usa la freccia appunto , che è possibile interagire con essa attraverso il click del mouse . Quindi ,\r\n      creiamo il file javascript :\r\n       <span style=\"color:grey\">aside.js</span>  inseriamo\r\n   il contenuto qui sotto al suo interno.</span>\r\n\r\n    <text id=\"x_code\" style=\"background-color:white;\">\r\n      <script  src=\"side.js\"></script>\r\n      </text><br><br>\r\n\r\n\r\n\r\n  <span class=\"badge badge-info\" style=\"color:white;\">aside.js :\r\n  </span>\r\n  <code>  <pre id=\"x_code\">\r\n    $(document).ready(function(){\r\n      alert(window.innerWidth)\r\n    /* quando il mouse tocca la freccia , quest\' ultima si sposterà di 14 pixel e assumera un opacità di 0.5 . Tutto cio in 400 millisecondi*/\r\n      $(\'#asidebar\').hover(function(){\r\n        $(\'#asidebar\').animate({ \"margin-left\" : \'14px\',\'opacity\' : \'0.5\',},400);\r\n      },\r\n\r\n    /* quando il mouse si allontenerà dalla freccia quest\' ultima tornerà nella posizione iniziale e l\' opacita tornerà a 1*/\r\n\r\n      function(){\r\n        $(\'#asidebar\').animate({ \"margin-left\" : \'0px\',\'opacity\' : \'1\',},400);});\r\n\r\n    /* quando cliccheremo sulla freccia comparirà il menu .... a 0px torna visibile visto che la posizione iniziale era -700px: quindi era nascosta*/\r\n\r\n      $(\'#asidebar\').click(function(){\r\n        $(\'.d_divaside\').animate({ \"left\" : \'0px\',},400);});\r\n\r\n    /* quando il mouse passera(hover) su #a_html , e il cursore del mouse diventerà a forma di mano*/\r\n    $(\'#a_html\').hover(function(){\r\n      $(\'#d_htmlmenu\').css(\'cursor\',\'pointer\');},\r\n    function(){\r\n      /*$(\'#d_htmlmenu\').css(\'display\',\'none\');*/\r\n    });\r\n  /* l\' elemento #d_htmlmenu torna visibile quando si fa click sull elemento con id #a_html2 con \"display:block\" */+\r\n    $(\'#a_html2\').click(function(){\r\n      $(\'#d_htmlmenu\').css(\'display\',\'block\');\r\n      $(\'#a_html\').css(\'display\',\'block\');\r\n    });\r\n      /*quando clicchiamo fuori dagli elementi .d_divaside e fa-angle-right tornerà tutto alla posizione iniziale */\r\n    $(document).click(function(event) {\r\n      $target = $(event.target);\r\n      if(!$target.closest(\'.d_divaside\').length && !$target.closest(\'.fa-angle-right\').length &&\r\n      $(\'.d_divaside\').is(\":visible\")) {\r\n        $(\'.d_divaside\').animate({ \"left\": \'-700px\',},300);\r\n        $(\'#d_htmlmenu\').css(\'display\',\'none\');\r\n      }\r\n    });\r\n    });\r\n\r\n\r\n    </pre></code>\r\n</p>\r\n\r\n<p id=\"p_content\" class=\"mt-1\">\r\n  se usate la versione fontawesome 4.7 vi troverete con una freccia (.fa fa-angle-right) diversa da quella su questa pagina, se volte la stessa freccia del tutorial dovete usare la versione<br>\r\n    5 , che trovate <a href=\"https://fontawesome.com/\">qui.</a>E ricordate che nella versione 5 \"fa fa-angle-right\" diventa : \"fas fa-angle-right\" e in una pagina html va inserita così :\r\n    <code>&lt;i class=\"fas fa-angle-right\">&lt;i></code>\r\n\r\n<hr><br><br>\r\n<h2><span class=\"badge badge-warning\">Alternare i Menù Visualizzati</span></h2>\r\n<p id=\"p_content\" class=\"mt-1\">\r\n  Un problema da superare è : che dobbiamo nascondere il sub-menù visualizzato quando si fa click su una nuova opzione del menù, per evitare che si sovrappongano due sub-menù , evento ovviamente indesiderato .\r\n   Se ad esempio faccio click sul menu \"html\" la pagina visualizza l\' opzione \"menu animato\" , però se subito dopo decido di cliccare sul menu \"Linux\" mi tocca nascondere\r\n  l \'opzione \"menu animato\" affinchè non si sovrapponga con la nuova opzione visualizzata in seguito al click sul menù \"Linux\" .\r\n  Un altro problema da superare, è ,come nascondere tutti i menù, quando l\' utente fa click con il mouse sulla pagina , però fuori dal menù . Questo problema è affrontato nell\' ultima funzione\r\n   javascript , quella che gestisce <code>$(document).click(function(){ .....</code>\r\n  Sotto i files : <mark>html,css,javascript</mark> modificati . La prima modifica riguarda il file\r\n  html , in cui vanno aggiunte un paio di voci ai menu . Quindi di seguito il nuovo file html :<br><br>\r\n\r\n  <span class=\"badge badge-info\" style=\"color:white;\">index.html\r\n  </span><br>\r\n\r\n  <pre id=\"x_code\">\r\n    &lt;!DOCTYPE html>\r\n       &lt;html lang=\"it\">\r\n       &lt;head>\r\n       &lt;link rel=\"stylesheet\" href=\"https://stackpath.bootstrapcdn.com/bootstrap/4.4.1/css/bootstrap.min.css\" integrity=\"sha384-Vkoo8x4CGsO3+Hhxv8T/Q5PaXtkKtu6ug5TOeNV6gBiFeWPGFN9MuhOf23Q9Ifjh\" crossorigin=\"anonymous\">\r\n       &lt;link rel=\"stylesheet\" href=\"https://cdnjs.cloudflare.com/ajax/libs/font-awesome/4.7.0/css/font-awesome.min.css\">\r\n       &lt;/head>\r\n            &lt;body>\r\n\r\n         &lt;div class=\"container-fluid\" style=\"\">\r\n           &lt;div id=\"asidebar\" style=\"background-color:white;\">\r\n             &lt;span id=\"asidebar\" style=\"margin-top:5%;font-size:5vw\" class=\"fas fa-angle-right\" aria-hidden=\"true\">&lt;/span>\r\n             &lt;/div> &lt;span id=\"s_left_tutorial\" class=\"badge badge-info\">Tutorial&lt;/span>\r\n           &lt;/div>\r\n           &lt;div  class=\"d_divaside\">\r\n             &lt;div class=\"list-group\" id=\"d_asidemenu\" role=\"tablist\">\r\n               &lt;a  id=\"a_html1\" class=\"list-group-item list-group-item-action\" data-toggle=\"list\" href=\"#tutorial_django\" role=\"tab\">&lt;span id=\"s_leftmenu_django\" style=\"color:orange!important;\">Django&lt;/span>&lt;/a>\r\n               &lt;a id=\"a_html2\" class=\"list-group-item list-group-item-action\" data-toggle=\"list\" href=\"#tutorial_html\" role=\"tab\">&lt;span id=\"s_leftmenu_html\" style=\"color:orange!important;\">Html&lt;/span>&lt;/a>\r\n               &lt;a id=\"a_html3\" class=\"list-group-item list-group-item-action\" data-toggle=\"list\" href=\"#tutorial_linux\" role=\"tab\">&lt;span id=\"s_leftmenu_linux\" style=\"color:orange!important;\">Linux&lt;/span>&lt;/a>\r\n\r\n               &lt;div id=\"d_htmlmenu\" class=\"list-group\">\r\n                 &lt;a id=\"a_tutorial_html_menu\" class=\"list-group-item list-group-item-action\"   href=\"{% url \'tutorial:tutorial_list\' %}?title=menu_a_comparsa\">\r\n                   &lt;span id=\"s_leftmenu1\" style=\"color:orange!important;\">Menu Animato&lt;/span>\r\n                 &lt;/a>\r\n                 &lt;a id=\"a_tutorial_django_urls\" class=\"list-group-item list-group-item-action\"   href=\"{% url \'tutorial:tutorial_list\' %}?title=urls_py\">\r\n                   &lt;span id=\"s_leftmenu2\" style=\"color:orange!important;\">urls.py in django&lt;/span>\r\n                 &lt;/a>\r\n                 &lt;a id=\"a_tutorial_pdf_converter\" class=\"list-group-item list-group-item-action\"  href=\"{% url \'tutorial:tutorial_list\' %}?title=menu_a_comparsa\">\r\n                   &lt;span id=\"s_leftmenu3\" style=\"color:orange!important;\">Converti Testo&lt;/span>\r\n                 &lt;/a>\r\n               &lt;/div>\r\n             &lt;/div>\r\n           &lt;/div>\r\n         &lt;/div>\r\n\r\n         &lt;script  src=\"{% static \'js/jquery.min.js\' %}\">&lt;/script>\r\n         &lt;script src=\"https://stackpath.bootstrapcdn.com/bootstrap/4.4.1/js/bootstrap.min.js\" integrity=\"sha384-wfSDF2E50Y2D1uUdj0O3uMBJnjuUD4Ih7YwaYd1iqfktj0Uod8GCExl3Og8ifwB6\" crossorigin=\"anonymous\">&lt;/script>\r\n         &lt;script  src=\"{% static \'js/aside.js\' %}\">&lt;/script>\r\n         &lt;/body>\r\n         &lt;/html>\r\n         </pre>\r\n\r\n         <br><br>\r\n         <h2><span class=\"badge badge-warning\">Qui Il file css3 modificato</span></h2>\r\n         <br><br>\r\n        <span class=\"badge badge-info\" style=\"color:white;\">homepage.css</span><br><br>\r\n\r\n        <code>\r\n         <pre id=\"x_code\">\r\n         .d_divaside{\r\n           position:absolute;\r\n           width:20%;\r\n           max-width:20%;\r\n           padding:0;\r\n           margin:0;\r\n           font-size:1vw;\r\n           /*left:0%;*/\r\n           color:white;\r\n           left:-700px;\r\n           height:auto;\r\n           z-index:100!important;\r\n         }\r\n         .fa-angle-right{\r\n         font-size: 2vw;\r\n         }\r\n         #d_htmlmenu{\r\n           display:none;\r\n           background-color:whitesmoke;\r\n           color:orange;\r\n           margin-left:10%;\r\n           margin-top:0%;\r\n           padding:5%;\r\n           width:100%;\r\n         }\r\n         #s_left_tutorial{\r\n           color:white!important; font-size:1vw;\r\n         }\r\n         </code></pre>\r\n\r\n         <br><br>\r\n         <h2><span class=\"badge badge-warning\">Il file javascript</span></h2><br><br>\r\n         <span class=\"badge badge-info\" style=\"color:white;\">aside.js :\r\n         </span><br><br>\r\n          <pre id=\"x_code\">\r\n           $(document).ready(function(){\r\n           /* quando il mouse tocca la freccia , quest\' ultima si sposterà di 14 pixel e assumera un opacità di 0.5 . Tutto cio in 400 millisecondi*/\r\n             $(\'#asidebar\').hover(function(){\r\n               $(\'#asidebar\').animate({ \"margin-left\" : \'14px\',\'opacity\' : \'0.5\',},400);\r\n             },\r\n\r\n           /* quando il mouse si allontenerà dalla freccia quest\' ultima tornerà nella posizione iniziale e l\' opacita tornerà a 1*/\r\n\r\n             function(){\r\n               $(\'#asidebar\').animate({ \"margin-left\" : \'0px\',\'opacity\' : \'1\',},400);});\r\n\r\n           /* quando cliccheremo sulla freccia comparirà il menu .... a 0px torna visibile visto che la posizione iniziale era -700px: quindi era nascosta*/\r\n\r\n             $(\'#asidebar\').click(function(){\r\n               $(\'.d_divaside\').animate({ \"left\" : \'0px\',},400);});\r\n\r\n           /* quando il mouse passera(hover) su #a_html , l\' elemento #d_htmlmenu torna visibile con \"display:block\" e il cursore del mouse diventerà a forma di mano*/\r\n           $(\'#a_html2\').hover(function(){\r\n             $(\'#d_htmlmenu\').css(\'cursor\',\'pointer\');},\r\n           function(){\r\n             /*$(\'#d_htmlmenu\').css(\'display\',\'none\');*/\r\n           });\r\n           /*quando clicchiamo fuori dagli elementi .d_divaside e fa-angle-right tornerà tutto alla posizione iniziale */\r\n           $(\'#a_html2\').click(function(){\r\n             $(\'#d_htmlmenu\').css(\'display\',\'block\'); // mostro il menu che mi interessa\r\n             $(\'#a_tutorial_html_menu\').css(\'display\',\'block\');\r\n             $(\'#a_tutorial_pdf_converter\').css(\'display\',\'none\');// nascondo questo menù nel caso sia visibile\r\n               $(\'#a_tutorial_django_urls\').css(\'display\',\'none\');// nascondo questo menù nel caso sia visibile\r\n           });\r\n           $(\'#a_html3\').click(function(){\r\n             $(\'#d_htmlmenu\').css(\'display\',\'block\'); // mostro il menu che mi interessa\r\n             $(\'#a_tutorial_pdf_converter\').css(\'display\',\'block\');// mostro il menu che mi interessa\r\n               $(\'#a_tutorial_html_menu\').css(\'display\',\'none\');// nascondo questo menù nel caso sia visibile\r\n                 $(\'#a_tutorial_django_urls\').css(\'display\',\'none\');// nascondo questo menù nel caso sia visibile\r\n           });\r\n           $(\'#a_html1\').click(function(){\r\n             $(\'#d_htmlmenu\').css(\'display\',\'block\'); // mostro il menu che mi interessa\r\n               $(\'#a_tutorial_django_urls\').css(\'display\',\'block\'); // mostro il menu che mi interessa\r\n             $(\'#a_tutorial_pdf_converter\').css(\'display\',\'none\');// nascondo questo menù nel caso sia visibile\r\n               $(\'#a_tutorial_html_menu\').css(\'display\',\'none\');// nascondo questo menù nel caso sia visibile\r\n\r\n           });\r\n\r\n           /*nascondo tutto se clicco al di fuori del documento*/\r\n           $(document).click(function(event) {\r\n             $target = $(event.target);\r\n             if(!$target.closest(\'.d_divaside\').length && !$target.closest(\'.fa-angle-right\').length &&\r\n             $(\'.d_divaside\').is(\":visible\")) {\r\n               $(\'.d_divaside\').animate({ \"left\": \'-700px\',},300);\r\n               $(\'#d_htmlmenu\').css(\'display\',\'none\');\r\n             }\r\n           });\r\n           });\r\n           </pre>','2020-06-18 16:33:45.000000','2020-06-18 16:34:11.475370','2020-06-24 09:16:36.882356','pubblicato',1,3),(3,'Linux - Convertire Testi Con Calibre','come convertire vari formato testo fra loro','calibre_convert_text','<p id=\"p_content\">\r\n vediamo come convertire i più disparati file testuali in vari formati . A questo scopo , e più precisamente useremo <span style=\"color:orange\">Calibre</span> ,\r\n uno dei software più potenti nel pianeta Open Source per la gestione di ebooks .\r\nCalibre gestisce la raccolta di libri elettronici dell\'utente. È progettato intorno\r\nal concetto del libro logico, cioè una sola voce nel database che può\r\ncorrispondere ai libri elettronici in molti formati. Gestisce anche la\r\nconversione da e verso una dozzina di differenti formati per libri elettronici.\r\nL\' <span style=\"color:orange\">installazione su Debian Linux</span> si fa nel modo consueto :</p>\r\n<p style=\"background-color:white;width:98%;margin:0 auto;\"><code>apt update<br>apt install calibre</code></p><br><br>\r\n\r\n  <p>\r\n<a  href=\"{%static \"/images/calibre.jpg\"%}\">Schermata all\' apertura :<img src=\'{%static \"/images/calibre.jpg\"%}\'   width=\"100%\" height=\"100%\" alt=\"non posso visualizzare l \'interfaccia di calibre\"></a>\r\n<br><br>\r\n</p>\r\n<p id=\"p_content\" style=\"margin-top:3%;margin-bottom:3%;\">\r\nPer convertire un file di testo da un formato ad un altro, è sufficiente selezionare un libro nella lista centrale e\r\ncliccare sull\' icona converti . Si apre questa finestra :\r\n\r\n<a href=\'{%static \"/images/calibre_converti.jpg\"%}\'><br><br>finestra di conversione<br><img src=\'{%static \"/images/calibre_converti.jpg\"%}\'   width=\"100%\" height=\"100%\" alt=\"non posso visualizzare la schermata di conversione file di calibre\"></a>\r\n</p>\r\n<p id=\"p_content\" style=\"margin-top:3%;margin-bottom:3%;\">\r\n  <b>in alto a sinistra</b> dell\' immagine qui sopra si puo leggere il formato del libro selezionato , che è : \"epub\" , <b>in alto a destra selezionare il formato</b> in cui si desidera convertire\r\n  l\' ebook , il numero di formati fra cui scegliere è molto vasto , più di una decina ,  <b>cliccare su ok</b> per avviare la conversione .\r\n  </p>','2020-06-18 20:39:58.000000','2020-06-18 20:51:23.954553','2020-06-22 20:36:47.279145','pubblicato',1,2),(4,'Linux - Apache Nascondere Le Cartelle','Proteggere Le Cartelle Nel WebServer Apache','apache_hide_folder','<p id=\"p_content\" style=\"font-weight:normal;\" >\r\nLa visualizzazione delle cartelle contenute nelle directory di Apache non voluta , è un gravissimo problema per la sicurezza , Qualsiasi Persona ,\r\nsul web , che visualizza un sito presente sul nostro server , potrebbe avere accesso a informazioni sensibili di Apache , ed è superfluo dire che è una situazione che\r\nnon si deve assolutamente verificare . Qui sotto si può vedere la sezione nel file <mark>.conf</mark> di Apache responsabile della visualizzazione , \"Volontaria o non volontaria\" di una Directory :\r\n<br><br>\r\n<pre style=\"background-color:black;color:orange;\">&nbsp&ltDirectory /var/www/content>\r\n​     &nbspOptions Indexes FollowSymLinks\r\n​     &nbspAllowOverride None\r\n​     &nbspRequire all granted\r\n​&nbsp&lt/Directory>   </pre>  <br><br>\r\n\r\nla parolina magica che causa la non voluta visualiazzazione del contenuto di una directory è <mark><code>Indexes</code></mark>\r\n\r\nse presente può avvenire una cosa del genere , solo scrivendo il link del sito con la cartella di cui visualizzare il contenuto , per esempio: <mark><code>https://thetopo.it/content</code></mark><br><br>\r\n\r\n  <img class=\"img img-thumbnail\"id=\"img_8\" width=\"100%\" height=\"500px\"src=\'{% static \'images/apache-directory-listing.jpg\' %}\'><br><br>\r\n  Se voluta una configurazione del genere può essere utile quando si vuole permettere un <mark>download dal server di files</mark> , usando quindi   <mark>Apache</mark> come <mark>un Files Server FTP</mark> ,\r\n  cliccando infatti su un file nella lista da un browser remoto <mark>è possibile scaricare i files nella lista</mark>\r\n  <br><br>\r\n  Un altro modo per nascondere o mostrare i Files e le Directory è usare <mark><code>.htaccess</code></mark> esso si trova molto spesso nella root del sito che controlla. Da qui avrà influenza su tutte le sottocartelle del sito.\r\nSe ad esempio si vuole negare la visualizzazione delle cartelle nel browser sul percorso : <mark><code>site/includes/</code> </mark>\r\nè sufficiente creare il file <mark><code>.htaccess</code></mark> nella cartella <mark><code>site/includes</code></mark>\r\ne inserirci :\r\n\r\n<br><br><code> Deny from all </code></span>\r\n <br><br>','2020-06-20 20:39:30.000000','2020-06-20 20:41:25.046224','2020-06-22 20:36:47.272778','pubblicato',1,2),(5,'Django - urls.py','a cosa serve urls.py ?','django_urls_py','<p  id=\"p_content\"  style=\"font-weight:normal;\">Nel <span data-toggle=\"tooltip\" title=\"insieme di strumenti di sviluppo\"><span style=\"color:orange;\">web framework</span></span> django, Il file urls.py, si occupa di mappare una request al web server,\r\n    ad una funzione o una classe presenti nel file views.py . Ad ogni request corrisponde una funzione o classe python, e ad ogni funzione o classe può corrispondere una o più request. Segue un esempio del file\r\n    <span style=\"color:grey;\"> urls.py</span>\r\n    con le mappature (request - funzione python):</p>\r\n\r\n    <p align=\"left\">\r\n      <span style=\"font-weight:normal;\">Esempio : <span style=\"color:orange;\">urls.py</span></span>\r\n      <code>\r\n  <pre id=\"x_code\">\r\n\r\n    from django.urls import path\r\n    from . import views\r\n\r\n      urlpatterns = [ path ( \'index.html\' , views.tutorial_list) ,]\r\n    </pre>\r\n    </code>\r\n  </p>\r\n\r\n  <p  class=\"text-left \" style=\"font-weight:normal;\">la prima riga :   <code>\r\n  from django.urls import path </code> importa la funzione   <span style=\"color:grey;\"> \"path\"</span> .<br>\r\nla seconda riga : <code>from . import views</code> importa il file <span style=\"color:grey;\">views.py</span> che contiene le funzioni e/o le classi che dovranno essere eseguite in base all\'\r\n<span data-toggle=\"tooltip\" title=\"path: l\' ultimo parametro del URL\"><span style=\"color:orange;\">URL</span></span> richiesto.\r\nla terza riga: <code>urlpatterns = [ path ( \'index.html\' , views.tutorial_list),\r\n</code>associa o mappa la request a : <code>\'index.html\'</code> alla funzione python in views.py che è il secondo parametro : <code>views.tutorial_list</code> .\r\nla funzione <span style=\"color:grey;\"> path ,</span>riceve quindi due parametri ,entrambi definiti nelle parentesi tonde e separati\r\ndalla virgola. Il primo parametro : <code>index.html</code> intercetta gli url che terminano con : <span style=\"color:grey\">\"index.html\"</span> appunto , quindi\r\n  l\' url o meglio la request viene passata come parametro alla funzione python contenuta nel file views.py il cui nome è <code>tutorial_list</code>.\r\nQuindi riasumendo ,  un web server, ad esempio Apache , che riceva una richiesta http all\' indirizzo https://nomedominio/<span style=\"color:grey;\">index.html</span> , elabora questa richiesta (request) nella funzione\r\n<span style=\"color:grey;\"> tutorial_list ,</span>\r\n  contenuta nel file  <span style=\"color:grey;\">views.py</span>\r\n</p>','2020-06-20 20:54:35.000000','2020-06-20 20:56:15.683688','2020-06-24 17:05:07.597174','pubblicato',1,4),(12,'Linux - User Logout','effettuare logout a tempo di un user','linux_user_logout','<p id=\"p_content\" >\r\n\r\naggiungete questo parametro all\' interno del file : <code>/home/utenete/.bashrc</code> o in <code>/etc/profile</code><br><br>\r\n<code><mark>TMOUT=100</mark></code> <br><br>\r\n\r\n\r\n    modificate il valore 100 secondi , come vi serve , in modo che il sistema costringa l\' uscita di un utente dopo x secondi di inattività .\r\n     ricordo che il puntino :<b>.</b> nel nome <b>.bashrc</b> indica che stiamo parlando di un file nascosto quindi nel terminale si può visualizzare con il comando : <code> ls -al /etc</code> .\r\n</p>\r\n\r\n<p id=\"p_content\" >\r\n  Io uso il logout automatico perchè ho un server apache , e dato che non posso usare lo shutdown a tempo , ovviamente , perchè un pc usato come server non lo si può spegnere. Ma\r\n   Il logout automatico può servire ! magari hai un server condiviso a cui accedono regolarmente molti utenti , alcuni di essi\r\n   possono dimenticare di disconnettersi dalla sessione e lasciare aperta la sessione. Lasciare aperta una sessione utente è pericoloso e alcuni utenti potrebbero abusarne intenzionalmente.\r\n   Come amministratore di sistema, andresti a controllare ogni singolo sistema per verificare se gli utenti si sono disconnessi o no? Non credo .\r\n   </p><br><br>','2020-06-22 20:47:50.000000','2020-06-22 20:49:15.358490','2020-06-22 20:49:15.358513','pubblicato',1,2);
/*!40000 ALTER TABLE `homepage_tutorial` ENABLE KEYS */;
UNLOCK TABLES;

--
-- Table structure for table `homepage_user`
--

DROP TABLE IF EXISTS `homepage_user`;
/*!40101 SET @saved_cs_client     = @@character_set_client */;
/*!40101 SET character_set_client = utf8 */;
CREATE TABLE `homepage_user` (
  `id` int(11) NOT NULL AUTO_INCREMENT,
  `first_name` varchar(30) NOT NULL,
  `last_name` varchar(30) NOT NULL,
  `email` varchar(254) NOT NULL,
  `user_id` int(11) NOT NULL,
  PRIMARY KEY (`id`),
  UNIQUE KEY `user_id` (`user_id`),
  CONSTRAINT `homepage_user_user_id_fe2fd35e_fk_auth_user_id` FOREIGN KEY (`user_id`) REFERENCES `auth_user` (`id`)
) ENGINE=InnoDB AUTO_INCREMENT=2 DEFAULT CHARSET=utf8mb4;
/*!40101 SET character_set_client = @saved_cs_client */;

--
-- Dumping data for table `homepage_user`
--

LOCK TABLES `homepage_user` WRITE;
/*!40000 ALTER TABLE `homepage_user` DISABLE KEYS */;
INSERT INTO `homepage_user` VALUES (1,'Mario','Spanò','spaceissimo@gmail.com',1);
/*!40000 ALTER TABLE `homepage_user` ENABLE KEYS */;
UNLOCK TABLES;

--
-- Table structure for table `homepage_user_categories`
--

DROP TABLE IF EXISTS `homepage_user_categories`;
/*!40101 SET @saved_cs_client     = @@character_set_client */;
/*!40101 SET character_set_client = utf8 */;
CREATE TABLE `homepage_user_categories` (
  `id` int(11) NOT NULL AUTO_INCREMENT,
  `user_id` int(11) NOT NULL,
  `category_id` int(11) NOT NULL,
  PRIMARY KEY (`id`),
  UNIQUE KEY `homepage_user_categories_user_id_category_id_453feece_uniq` (`user_id`,`category_id`),
  KEY `homepage_user_catego_category_id_6f5748f7_fk_homepage_` (`category_id`),
  CONSTRAINT `homepage_user_catego_category_id_6f5748f7_fk_homepage_` FOREIGN KEY (`category_id`) REFERENCES `homepage_category` (`id`),
  CONSTRAINT `homepage_user_categories_user_id_c7e55487_fk_homepage_user_id` FOREIGN KEY (`user_id`) REFERENCES `homepage_user` (`id`)
) ENGINE=InnoDB AUTO_INCREMENT=2 DEFAULT CHARSET=utf8mb4;
/*!40101 SET character_set_client = @saved_cs_client */;

--
-- Dumping data for table `homepage_user_categories`
--

LOCK TABLES `homepage_user_categories` WRITE;
/*!40000 ALTER TABLE `homepage_user_categories` DISABLE KEYS */;
/*!40000 ALTER TABLE `homepage_user_categories` ENABLE KEYS */;
UNLOCK TABLES;

--
-- Table structure for table `homepage_visite`
--

DROP TABLE IF EXISTS `homepage_visite`;
/*!40101 SET @saved_cs_client     = @@character_set_client */;
/*!40101 SET character_set_client = utf8 */;
CREATE TABLE `homepage_visite` (
  `id` int(11) NOT NULL AUTO_INCREMENT,
  `visite` int(10) unsigned NOT NULL,
  PRIMARY KEY (`id`)
) ENGINE=InnoDB AUTO_INCREMENT=1820 DEFAULT CHARSET=utf8mb4;
/*!40101 SET character_set_client = @saved_cs_client */;

--
-- Dumping data for table `homepage_visite`
--

LOCK TABLES `homepage_visite` WRITE;
/*!40000 ALTER TABLE `homepage_visite` DISABLE KEYS */;
INSERT INTO `homepage_visite` VALUES (1,1),(2,2),(3,3),(4,4),(5,5),(6,6),(7,7),(8,8),(9,9),(10,10),(11,11),(12,12),(13,13),(14,14),(15,15),(16,16),(17,17),(18,18),(19,19),(20,20),(21,21),(22,22),(23,23),(24,24),(25,25),(26,26),(27,27),(28,28),(29,29),(30,30),(31,31),(32,32),(33,33),(34,34),(35,35),(36,36),(37,37),(38,38),(39,39),(40,40),(41,41),(42,42),(43,43),(44,44),(45,45),(46,46),(47,47),(48,48),(49,49),(50,50),(51,51),(52,52),(53,53),(54,54),(55,55),(56,56),(57,57),(58,58),(59,59),(60,60),(61,61),(62,62),(63,63),(64,64),(65,65),(66,66),(67,67),(68,68),(69,69),(70,70),(71,71),(72,72),(73,73),(74,74),(75,75),(76,76),(77,77),(78,78),(79,79),(80,80),(81,81),(82,82),(83,83),(84,84),(85,85),(86,86),(87,87),(88,88),(89,89),(90,90),(91,91),(92,92),(93,93),(94,94),(95,95),(96,96),(97,97),(98,98),(99,99),(100,100),(101,101),(102,102),(103,103),(104,104),(105,105),(106,106),(107,107),(108,108),(109,109),(110,110),(111,111),(112,112),(113,113),(114,114),(115,115),(116,116),(117,117),(118,118),(119,119),(120,120),(121,121),(122,122),(123,123),(124,124),(125,125),(126,126),(127,127),(128,128),(129,129),(130,130),(131,131),(132,132),(133,133),(134,134),(135,135),(136,136),(137,137),(138,138),(139,139),(140,140),(141,141),(142,142),(143,143),(144,144),(145,145),(146,146),(147,147),(148,148),(149,149),(150,150),(151,151),(152,152),(153,153),(154,154),(155,155),(156,156),(157,157),(158,158),(159,159),(160,160),(161,161),(162,162),(163,163),(164,164),(165,165),(166,166),(167,167),(168,168),(169,169),(170,170),(171,171),(172,172),(173,173),(174,174),(175,175),(176,176),(177,177),(178,178),(179,179),(180,180),(181,181),(182,182),(183,183),(184,184),(185,185),(186,186),(187,187),(188,188),(189,189),(190,190),(191,191),(192,192),(193,193),(194,194),(195,195),(196,196),(197,197),(198,198),(199,199),(200,200),(201,201),(202,202),(203,203),(204,204),(205,205),(206,206),(207,207),(208,208),(209,209),(210,210),(211,211),(212,212),(213,213),(214,214),(215,215),(216,216),(217,217),(218,218),(219,219),(220,220),(221,221),(222,222),(223,223),(224,224),(225,225),(226,226),(227,227),(228,228),(229,229),(230,230),(231,231),(232,232),(233,233),(234,234),(235,235),(236,236),(237,237),(238,238),(239,239),(240,240),(241,241),(242,242),(243,243),(244,244),(245,245),(246,246),(247,247),(248,248),(249,249),(250,250),(251,251),(252,252),(253,253),(254,254),(255,255),(256,256),(257,257),(258,258),(259,259),(260,260),(261,261),(262,262),(263,263),(264,264),(265,265),(266,266),(267,267),(268,268),(269,269),(270,270),(271,271),(272,272),(273,273),(274,274),(275,275),(276,276),(277,277),(278,278),(279,279),(280,280),(281,281),(282,282),(283,283),(284,284),(285,285),(286,286),(287,287),(288,288),(289,289),(290,290),(291,291),(292,292),(293,293),(294,294),(295,295),(296,296),(297,297),(298,298),(299,299),(300,300),(301,301),(302,302),(303,303),(304,304),(305,305),(306,306),(307,307),(308,308),(309,309),(310,310),(311,311),(312,312),(313,313),(314,314),(315,315),(316,316),(317,317),(318,318),(319,319),(320,320),(321,321),(322,322),(323,323),(324,324),(325,325),(326,326),(327,327),(328,328),(329,329),(330,330),(331,331),(332,332),(333,333),(334,334),(335,335),(336,336),(337,337),(338,338),(339,339),(340,340),(341,341),(342,342),(343,343),(344,344),(345,345),(346,346),(347,347),(348,348),(349,349),(350,350),(351,351),(352,352),(353,353),(354,354),(355,355),(356,356),(357,357),(358,358),(359,359),(360,360),(361,361),(362,362),(363,363),(364,364),(365,365),(366,366),(367,367),(368,368),(369,369),(370,370),(371,371),(372,372),(373,373),(374,374),(375,375),(376,376),(377,377),(378,378),(379,379),(380,380),(381,381),(382,382),(383,383),(384,384),(385,385),(386,386),(387,387),(388,388),(389,389),(390,390),(391,391),(392,392),(393,393),(394,394),(395,395),(396,396),(397,397),(398,398),(399,399),(400,400),(401,401),(402,402),(403,403),(404,404),(405,405),(406,406),(407,407),(408,408),(409,409),(410,410),(411,411),(412,412),(413,413),(414,414),(415,415),(416,416),(417,417),(418,418),(419,419),(420,420),(421,421),(422,422),(423,423),(424,424),(425,425),(426,426),(427,427),(428,428),(429,429),(430,430),(431,431),(432,432),(433,433),(434,434),(435,435),(436,436),(437,437),(438,438),(439,439),(440,440),(441,441),(442,442),(443,443),(444,444),(445,445),(446,446),(447,447),(448,448),(449,449),(450,450),(451,451),(452,452),(453,453),(454,454),(455,455),(456,456),(457,457),(458,458),(459,459),(460,460),(461,461),(462,462),(463,463),(464,464),(465,465),(466,466),(467,467),(468,468),(469,469),(470,470),(471,471),(472,472),(473,473),(474,474),(475,475),(476,476),(477,477),(478,478),(479,479),(480,480),(481,481),(482,482),(483,483),(484,484),(485,485),(486,486),(487,487),(488,488),(489,489),(490,490),(491,491),(492,492),(493,493),(494,494),(495,495),(496,496),(497,497),(498,498),(499,499),(500,500),(501,501),(502,502),(503,503),(504,504),(505,505),(506,506),(507,507),(508,508),(509,509),(510,510),(511,511),(512,512),(513,513),(514,514),(515,515),(516,516),(517,517),(518,518),(519,519),(520,520),(521,521),(522,522),(523,523),(524,524),(525,525),(526,526),(527,527),(528,528),(529,529),(530,530),(531,531),(532,532),(533,533),(534,534),(535,535),(536,536),(537,537),(538,538),(539,539),(540,540),(541,541),(542,542),(543,543),(544,544),(545,545),(546,546),(547,547),(548,548),(549,549),(550,550),(551,551),(552,552),(553,553),(554,554),(555,555),(556,556),(557,557),(558,558),(559,559),(560,560),(561,561),(562,562),(563,563),(564,564),(565,565),(566,566),(567,567),(568,568),(569,569),(570,570),(571,571),(572,572),(573,573),(574,574),(575,575),(576,576),(577,577),(578,578),(579,579),(580,580),(581,581),(582,582),(583,583),(584,584),(585,585),(586,586),(587,587),(588,588),(589,589),(590,590),(591,591),(592,592),(593,593),(594,594),(595,595),(596,596),(597,597),(598,598),(599,599),(600,600),(601,601),(602,602),(603,603),(604,604),(605,605),(606,606),(607,607),(608,608),(609,609),(610,610),(611,611),(612,612),(613,613),(614,614),(615,615),(616,616),(617,617),(618,618),(619,619),(620,620),(621,621),(622,622),(623,623),(624,624),(625,625),(626,626),(627,627),(628,628),(629,629),(630,630),(631,631),(632,632),(633,633),(634,634),(635,635),(636,636),(637,637),(638,638),(639,639),(640,640),(641,641),(642,642),(643,643),(644,644),(645,645),(646,646),(647,647),(648,648),(649,649),(650,650),(651,651),(652,652),(653,653),(654,654),(655,655),(656,656),(657,657),(658,658),(659,659),(660,660),(661,661),(662,662),(663,663),(664,664),(665,665),(666,666),(667,667),(668,668),(669,669),(670,670),(671,671),(672,672),(673,673),(674,674),(675,675),(676,676),(677,677),(678,678),(679,679),(680,680),(681,681),(682,682),(683,683),(684,684),(685,685),(686,686),(687,687),(688,688),(689,689),(690,690),(691,691),(692,692),(693,693),(694,694),(695,695),(696,696),(697,697),(698,698),(699,699),(700,700),(701,701),(702,702),(703,703),(704,704),(705,705),(706,706),(707,707),(708,708),(709,709),(710,710),(711,711),(712,712),(713,713),(714,714),(715,715),(716,716),(717,717),(718,718),(719,719),(720,720),(721,721),(722,722),(723,723),(724,724),(725,725),(726,726),(727,727),(728,728),(729,729),(730,730),(731,731),(732,732),(733,733),(734,734),(735,735),(736,736),(737,737),(738,738),(739,739),(740,740),(741,741),(742,742),(743,743),(744,744),(745,745),(746,746),(747,747),(748,748),(749,749),(750,750),(751,751),(752,752),(753,753),(754,754),(755,755),(756,756),(757,757),(758,758),(759,759),(760,760),(761,761),(762,762),(763,763),(764,764),(765,765),(766,766),(767,767),(768,768),(769,769),(770,770),(771,771),(772,772),(773,773),(774,774),(775,775),(776,776),(777,777),(778,778),(779,779),(780,780),(781,781),(782,782),(783,783),(784,784),(785,785),(786,786),(787,787),(788,788),(789,789),(790,790),(791,791),(792,792),(793,793),(794,794),(795,795),(796,796),(797,797),(798,798),(799,799),(800,800),(801,801),(802,802),(803,803),(804,804),(805,805),(806,806),(807,807),(808,808),(809,809),(810,810),(811,811),(812,812),(813,813),(814,814),(815,815),(816,816),(817,817),(818,818),(819,819),(820,820),(821,821),(822,822),(823,823),(824,824),(825,825),(826,826),(827,827),(828,828),(829,829),(830,830),(831,831),(832,832),(833,833),(834,834),(835,835),(836,836),(837,837),(838,838),(839,839),(840,840),(841,841),(842,842),(843,843),(844,844),(845,845),(846,846),(847,847),(848,848),(849,849),(850,850),(851,851),(852,852),(853,853),(854,854),(855,855),(856,856),(857,857),(858,858),(859,859),(860,860),(861,861),(862,862),(863,863),(864,864),(865,865),(866,866),(867,867),(868,868),(869,869),(870,870),(871,871),(872,872),(873,873),(874,874),(875,875),(876,876),(877,877),(878,878),(879,879),(880,880),(881,881),(882,882),(883,883),(884,884),(885,885),(886,886),(887,887),(888,888),(889,889),(890,890),(891,891),(892,892),(893,893),(894,894),(895,895),(896,896),(897,897),(898,898),(899,899),(900,900),(901,901),(902,902),(903,903),(904,904),(905,905),(906,906),(907,907),(908,908),(909,909),(910,910),(911,911),(912,912),(913,913),(914,914),(915,915),(916,916),(917,917),(918,918),(919,919),(920,920),(921,921),(922,922),(923,923),(924,924),(925,925),(926,926),(927,927),(928,928),(929,929),(930,930),(931,931),(932,932),(933,933),(934,934),(935,935),(936,936),(937,937),(938,938),(939,939),(940,940),(941,941),(942,942),(943,943),(944,944),(945,945),(946,946),(947,947),(948,948),(949,949),(950,950),(951,951),(952,952),(953,953),(954,954),(955,955),(956,956),(957,957),(958,958),(959,959),(960,960),(961,961),(962,962),(963,963),(964,964),(965,965),(966,966),(967,967),(968,968),(969,969),(970,970),(971,971),(972,972),(973,973),(974,974),(975,975),(976,976),(977,977),(978,978),(979,979),(980,980),(981,981),(982,982),(983,983),(984,984),(985,985),(986,986),(987,987),(988,988),(989,989),(990,990),(991,991),(992,992),(993,993),(994,994),(995,995),(996,996),(997,997),(998,998),(999,999),(1000,1000),(1001,1001),(1002,1002),(1003,1003),(1004,1004),(1005,1005),(1006,1006),(1007,1007),(1008,1008),(1009,1009),(1010,1010),(1011,1011),(1012,1012),(1013,1013),(1014,1014),(1015,1015),(1016,1016),(1017,1017),(1018,1018),(1019,1019),(1020,1020),(1021,1021),(1022,1022),(1023,1023),(1024,1024),(1025,1025),(1026,1026),(1027,1027),(1028,1028),(1029,1029),(1030,1030),(1031,1031),(1032,1032),(1033,1033),(1034,1034),(1035,1035),(1036,1036),(1037,1037),(1038,1038),(1039,1039),(1040,1040),(1041,1041),(1042,1042),(1043,1043),(1044,1044),(1045,1045),(1046,1046),(1047,1047),(1048,1048),(1049,1049),(1050,1050),(1051,1051),(1052,1052),(1053,1053),(1054,1054),(1055,1055),(1056,1056),(1057,1057),(1058,1058),(1059,1059),(1060,1060),(1061,1061),(1062,1062),(1063,1063),(1064,1064),(1065,1065),(1066,1066),(1067,1067),(1068,1068),(1069,1069),(1070,1070),(1071,1071),(1072,1072),(1073,1073),(1074,1074),(1075,1075),(1076,1076),(1077,1077),(1078,1078),(1079,1079),(1080,1080),(1081,1081),(1082,1082),(1083,1083),(1084,1084),(1085,1085),(1086,1086),(1087,1087),(1088,1088),(1089,1089),(1090,1090),(1091,1091),(1092,1092),(1093,1093),(1094,1094),(1095,1095),(1096,1096),(1097,1097),(1098,1098),(1099,1099),(1100,1100),(1101,1101),(1102,1102),(1103,1103),(1104,1104),(1105,1105),(1106,1106),(1107,1107),(1108,1108),(1109,1109),(1110,1110),(1111,1111),(1112,1112),(1113,1113),(1114,1114),(1115,1115),(1116,1116),(1117,1117),(1118,1118),(1119,1119),(1120,1120),(1121,1121),(1122,1122),(1123,1123),(1124,1124),(1125,1125),(1126,1126),(1127,1127),(1128,1128),(1129,1129),(1130,1130),(1131,1131),(1132,1132),(1133,1133),(1134,1134),(1135,1135),(1136,1136),(1137,1137),(1138,1138),(1139,1139),(1140,1140),(1141,1141),(1142,1142),(1143,1143),(1144,1144),(1145,1145),(1146,1146),(1147,1147),(1148,1148),(1149,1149),(1150,1150),(1151,1151),(1152,1152),(1153,1153),(1154,1154),(1155,1155),(1156,1156),(1157,1157),(1158,1158),(1159,1159),(1160,1160),(1161,1161),(1162,1162),(1163,1163),(1164,1164),(1165,1165),(1166,1166),(1167,1167),(1168,1168),(1169,1169),(1170,1170),(1171,1171),(1172,1172),(1173,1173),(1174,1174),(1175,1175),(1176,1176),(1177,1177),(1178,1178),(1179,1179),(1180,1180),(1181,1181),(1182,1182),(1183,1183),(1184,1184),(1185,1185),(1186,1186),(1187,1187),(1188,1188),(1189,1189),(1190,1190),(1191,1191),(1192,1192),(1193,1193),(1194,1194),(1195,1195),(1196,1196),(1197,1197),(1198,1198),(1199,1199),(1200,1200),(1201,1201),(1202,1202),(1203,1203),(1204,1204),(1205,1205),(1206,1206),(1207,1207),(1208,1208),(1209,1209),(1210,1210),(1211,1211),(1212,1212),(1213,1213),(1214,1214),(1215,1215),(1216,1216),(1217,1217),(1218,1218),(1219,1219),(1220,1220),(1221,1221),(1222,1222),(1223,1223),(1224,1224),(1225,1225),(1226,1226),(1227,1227),(1228,1228),(1229,1229),(1230,1230),(1231,1231),(1232,1232),(1233,1233),(1234,1234),(1235,1235),(1236,1236),(1237,1237),(1238,1238),(1239,1239),(1240,1240),(1241,1241),(1242,1242),(1243,1243),(1244,1244),(1245,1245),(1246,1246),(1247,1247),(1248,1248),(1249,1249),(1250,1250),(1251,1251),(1252,1252),(1253,1253),(1254,1254),(1255,1255),(1256,1256),(1257,1257),(1258,1258),(1259,1259),(1260,1260),(1261,1261),(1262,1262),(1263,1263),(1264,1264),(1265,1265),(1266,1266),(1267,1267),(1268,1268),(1269,1269),(1270,1270),(1271,1271),(1272,1272),(1273,1273),(1274,1274),(1275,1275),(1276,1276),(1277,1277),(1278,1278),(1279,1279),(1280,1280),(1281,1281),(1282,1282),(1283,1283),(1284,1284),(1285,1285),(1286,1286),(1287,1287),(1288,1288),(1289,1289),(1290,1290),(1291,1291),(1292,1292),(1293,1292),(1294,1293),(1295,1293),(1296,1294),(1297,1295),(1298,1296),(1299,1297),(1300,1298),(1301,1299),(1302,1300),(1303,1301),(1304,1302),(1305,1303),(1306,1304),(1307,1305),(1308,1306),(1309,1307),(1310,1308),(1311,1309),(1312,1310),(1313,1311),(1314,1312),(1315,1313),(1316,1314),(1317,1315),(1318,1316),(1319,1317),(1320,1318),(1321,1319),(1322,1320),(1323,1321),(1324,1322),(1325,1323),(1326,1324),(1327,1325),(1328,1326),(1329,1327),(1330,1328),(1331,1329),(1332,1330),(1333,1331),(1334,1332),(1335,1333),(1336,1334),(1337,1335),(1338,1336),(1339,1337),(1340,1338),(1341,1339),(1342,1340),(1343,1341),(1344,1342),(1345,1343),(1346,1344),(1347,1345),(1348,1346),(1349,1347),(1350,1348),(1351,1349),(1352,1350),(1353,1351),(1354,1352),(1355,1353),(1356,1354),(1357,1355),(1358,1356),(1359,1357),(1360,1358),(1361,1359),(1362,1360),(1363,1361),(1364,1362),(1365,1363),(1366,1364),(1367,1365),(1368,1366),(1369,1367),(1370,1368),(1371,1369),(1372,1370),(1373,1371),(1374,1372),(1375,1373),(1376,1374),(1377,1375),(1378,1376),(1379,1377),(1380,1378),(1381,1379),(1382,1380),(1383,1381),(1384,1382),(1385,1383),(1386,1384),(1387,1385),(1388,1386),(1389,1387),(1390,1388),(1391,1389),(1392,1390),(1393,1391),(1394,1392),(1395,1393),(1396,1394),(1397,1395),(1398,1396),(1399,1397),(1400,1398),(1401,1399),(1402,1400),(1403,1401),(1404,1402),(1405,1403),(1406,1404),(1407,1405),(1408,1406),(1409,1407),(1410,1408),(1411,1409),(1412,1410),(1413,1411),(1414,1412),(1415,1413),(1416,1414),(1417,1415),(1418,1416),(1419,1417),(1420,1418),(1421,1419),(1422,1420),(1423,1421),(1424,1422),(1425,1423),(1426,1424),(1427,1425),(1428,1426),(1429,1427),(1430,1428),(1431,1429),(1432,1430),(1433,1431),(1434,1432),(1435,1433),(1436,1434),(1437,1435),(1438,1436),(1439,1437),(1440,1438),(1441,1439),(1442,1440),(1443,1441),(1444,1442),(1445,1443),(1446,1444),(1447,1445),(1448,1446),(1449,1447),(1450,1448),(1451,1449),(1452,1450),(1453,1451),(1454,1452),(1455,1453),(1456,1454),(1457,1455),(1458,1456),(1459,1457),(1460,1458),(1461,1459),(1462,1460),(1463,1461),(1464,1462),(1465,1463),(1466,1464),(1467,1465),(1468,1466),(1469,1467),(1470,1468),(1471,1469),(1472,1470),(1473,1471),(1474,1472),(1475,1473),(1476,1474),(1477,1475),(1478,1476),(1479,1477),(1480,1478),(1481,1479),(1482,1480),(1483,1481),(1484,1482),(1485,1483),(1486,1484),(1487,1485),(1488,1486),(1489,1487),(1490,1488),(1491,1489),(1492,1490),(1493,1491),(1494,1492),(1495,1493),(1496,1494),(1497,1495),(1498,1496),(1499,1497),(1500,1498),(1501,1499),(1502,1500),(1503,1501),(1504,1502),(1505,1503),(1506,1504),(1507,1505),(1508,1506),(1509,1507),(1510,1508),(1511,1509),(1512,1510),(1513,1511),(1514,1512),(1515,1513),(1516,1514),(1517,1515),(1518,1516),(1519,1517),(1520,1518),(1521,1519),(1522,1520),(1523,1521),(1524,1522),(1525,1523),(1526,1524),(1527,1525),(1528,1526),(1529,1527),(1530,1528),(1531,1529),(1532,1530),(1533,1531),(1534,1532),(1535,1533),(1536,1534),(1537,1535),(1538,1536),(1539,1537),(1540,1538),(1541,1539),(1542,1540),(1543,1541),(1544,1542),(1545,1543),(1546,1544),(1547,1545),(1548,1546),(1549,1547),(1550,1548),(1551,1549),(1552,1550),(1553,1551),(1554,1552),(1555,1553),(1556,1554),(1557,1555),(1558,1556),(1559,1557),(1560,1558),(1561,1559),(1562,1560),(1563,1561),(1564,1562),(1565,1563),(1566,1564),(1567,1565),(1568,1566),(1569,1567),(1570,1568),(1571,1569),(1572,1570),(1573,1571),(1574,1572),(1575,1573),(1576,1574),(1577,1575),(1578,1576),(1579,1577),(1580,1578),(1581,1579),(1582,1580),(1583,1581),(1584,1582),(1585,1583),(1586,1584),(1587,1585),(1588,1586),(1589,1587),(1590,1588),(1591,1589),(1592,1590),(1593,1591),(1594,1592),(1595,1593),(1596,1594),(1597,1595),(1598,1596),(1599,1597),(1600,1598),(1601,1599),(1602,1600),(1603,1601),(1604,1602),(1605,1603),(1606,1604),(1607,1605),(1608,1606),(1609,1607),(1610,1608),(1611,1609),(1612,1610),(1613,1611),(1614,1612),(1615,1613),(1616,1614),(1617,1615),(1618,1616),(1619,1617),(1620,1618),(1621,1619),(1622,1620),(1623,1621),(1624,1622),(1625,1623),(1626,1624),(1627,1625),(1628,1626),(1629,1627),(1630,1628),(1631,1629),(1632,1630),(1633,1631),(1634,1632),(1635,1633),(1636,1634),(1637,1635),(1638,1636),(1639,1637),(1640,1638),(1641,1639),(1642,1640),(1643,1641),(1644,1642),(1645,1643),(1646,1644),(1647,1645),(1648,1646),(1649,1647),(1650,1648),(1651,1649),(1652,1650),(1653,1651),(1654,1652),(1655,1653),(1656,1654),(1657,1655),(1658,1656),(1659,1657),(1660,1658),(1661,1659),(1662,1660),(1663,1661),(1664,1662),(1665,1663),(1666,1664),(1667,1665),(1668,1666),(1669,1667),(1670,1668),(1671,1669),(1672,1670),(1673,1671),(1674,1672),(1675,1673),(1676,1674),(1677,1675),(1678,1676),(1679,1677),(1680,1678),(1681,1679),(1682,1680),(1683,1681),(1684,1682),(1685,1683),(1686,1684),(1687,1685),(1688,1686),(1689,1687),(1690,1688),(1691,1689),(1692,1690),(1693,1691),(1694,1692),(1695,1693),(1696,1694),(1697,1695),(1698,1696),(1699,1697),(1700,1698),(1701,1699),(1702,1700),(1703,1701),(1704,1702),(1705,1703),(1706,1704),(1707,1705),(1708,1706),(1709,1707),(1710,1708),(1711,1709),(1712,1710),(1713,1711),(1714,1712),(1715,1713),(1716,1714),(1717,1715),(1718,1716),(1719,1717),(1720,1718),(1721,1719),(1722,1720),(1723,1721),(1724,1722),(1725,1723),(1726,1724),(1727,1725),(1728,1726),(1729,1727),(1730,1728),(1731,1729),(1732,1730),(1733,1731),(1734,1732),(1735,1733),(1736,1734),(1737,1735),(1738,1736),(1739,1737),(1740,1738),(1741,1739),(1742,1740),(1743,1741),(1744,1742),(1745,1743),(1746,1744),(1747,1745),(1748,1746),(1749,1747),(1750,1748),(1751,1749),(1752,1750),(1753,1751),(1754,1752),(1755,1753),(1756,1754),(1757,1755),(1758,1756),(1759,1757),(1760,1758),(1761,1759),(1762,1760),(1763,1761),(1764,1762),(1765,1763),(1766,1764),(1767,1765),(1768,1766),(1769,1767),(1770,1768),(1771,1769),(1772,1770),(1773,1771),(1774,1772),(1775,1773),(1776,1774),(1777,1775),(1778,1776),(1779,1777),(1780,1778),(1781,1779),(1782,1780),(1783,1781),(1784,1782),(1785,1783),(1786,1784),(1787,1785),(1788,1786),(1789,1787),(1790,1788),(1791,1789),(1792,1790),(1793,1791),(1794,1792),(1795,1793),(1796,1794),(1797,1795),(1798,1796),(1799,1797),(1800,1798),(1801,1799),(1802,1800),(1803,1801),(1804,1802),(1805,1803),(1806,1804),(1807,1805),(1808,1806),(1809,1807),(1810,1808),(1811,1809),(1812,1810),(1813,1811),(1814,1812),(1815,1813),(1816,1814),(1817,1815),(1818,1816),(1819,1817);
/*!40000 ALTER TABLE `homepage_visite` ENABLE KEYS */;
UNLOCK TABLES;
/*!40103 SET TIME_ZONE=@OLD_TIME_ZONE */;

/*!40101 SET SQL_MODE=@OLD_SQL_MODE */;
/*!40014 SET FOREIGN_KEY_CHECKS=@OLD_FOREIGN_KEY_CHECKS */;
/*!40014 SET UNIQUE_CHECKS=@OLD_UNIQUE_CHECKS */;
/*!40101 SET CHARACTER_SET_CLIENT=@OLD_CHARACTER_SET_CLIENT */;
/*!40101 SET CHARACTER_SET_RESULTS=@OLD_CHARACTER_SET_RESULTS */;
/*!40101 SET COLLATION_CONNECTION=@OLD_COLLATION_CONNECTION */;
/*!40111 SET SQL_NOTES=@OLD_SQL_NOTES */;

-- Dump completed on 2020-06-25 18:38:45
